item_id,task,batch_id,true_label,n_valid_annotations,label_preserved_majority,fluent_majority,human_valid_majority,label_yes_count,label_no_count,label_cannot_tell_count,fluent_yes_count,fluent_no_count,fluent_cannot_tell_count,batch_id_key,source_csv_row,task_key,task_display,true_label_key,sample_type,is_gold,expected_label_preserved,expected_fluent,ppl_diff,log_ppl_diff,nli_forward,nli_backward,metric_accepts,metric_vs_human_valid_agree,label_preserved_majority_bool,metric_vs_label_preserved_agree,fluent_majority_bool,log_ppl_diff_num,metric_fluent_ppl_lt_0_3,nli_forward_num,nli_backward_num,metric_label_preserved_nli_gt_0_08
ag_news_0023,ag_news,ag_news_008,World,2,True,True,True,2,0,0,2,0,0,ag_news_012,23.0,ag_news,AG News,World,accepted,False,,,-0.957232,-0.015833,0.985755,0.962222,True,True,True,True,True,-0.015833,True,0.985755,0.962222,True
ag_news_0024,ag_news,ag_news_005,Business,2,True,False,False,2,0,0,0,2,0,ag_news_008,24.0,ag_news,AG News,Business,accepted,False,,,-2.169373,0.094003,0.982561,0.844816,True,False,True,True,False,0.094003,True,0.982561,0.844816,True
ag_news_0026,ag_news,ag_news_001,Sci/Tech,3,False,True,False,1,2,0,2,1,0,ag_news_001,26.0,ag_news,AG News,Sci/Tech,accepted,False,,,4.699379,0.052971,0.966853,0.93589,True,False,False,False,True,0.052971,True,0.966853,0.93589,True
ag_news_0027,ag_news,ag_news_006,Sci/Tech,2,True,,False,2,0,0,1,1,0,ag_news_009,27.0,ag_news,AG News,Sci/Tech,accepted,False,,,1.402441,0.017152,0.987892,0.994798,True,False,True,True,,0.017152,True,0.987892,0.994798,True
ag_news_0028,ag_news,ag_news_002,Sports,3,True,True,True,3,0,0,2,1,0,ag_news_003,28.0,ag_news,AG News,Sports,accepted,False,,,-7.953728,-0.15235,0.978026,0.884697,True,True,True,True,True,-0.15235,True,0.978026,0.884697,True
ag_news_0029,ag_news,ag_news_006,Sci/Tech,2,True,True,True,2,0,0,2,0,0,ag_news_008,29.0,ag_news,AG News,Sci/Tech,accepted,False,,,18.704529,0.038749,0.951281,0.943744,True,True,True,True,True,0.038749,True,0.951281,0.943744,True
ag_news_0070,ag_news,ag_news_005,Business,2,True,False,False,2,0,0,0,2,0,ag_news_007,70.0,ag_news,AG News,Business,accepted,False,,,-7.96199,-0.077106,0.946972,0.972868,True,False,True,True,False,-0.077106,True,0.946972,0.972868,True
ag_news_0084,ag_news,ag_news_008,World,2,,False,False,1,1,0,0,2,0,ag_news_011,84.0,ag_news,AG News,World,accepted,False,,,6.833298,0.074794,0.971592,0.963479,True,False,,,False,0.074794,True,0.971592,0.963479,True
ag_news_0085,ag_news,ag_news_004,Sports,2,True,,False,2,0,0,1,1,0,ag_news_006,85.0,ag_news,AG News,Sports,accepted,False,,,6.43071,0.029594,0.887117,0.951999,True,False,True,True,,0.029594,True,0.887117,0.951999,True
ag_news_0086,ag_news,ag_news_001,World,3,False,True,False,1,2,0,2,1,0,ag_news_001,86.0,ag_news,AG News,World,accepted,False,,,4.660347,0.030198,0.958894,0.986007,True,False,False,False,True,0.030198,True,0.958894,0.986007,True
ag_news_0087,ag_news,ag_news_005,World,2,True,False,False,2,0,0,0,2,0,ag_news_008,87.0,ag_news,AG News,World,accepted,False,,,9.645039,0.093617,0.897618,0.972185,True,False,True,True,False,0.093617,True,0.897618,0.972185,True
ag_news_0114,ag_news,ag_news_001,Business,3,True,True,True,3,0,0,3,0,0,ag_news_002,114.0,ag_news,AG News,Business,accepted,False,,,-28.101418,-0.038957,0.987487,0.984002,True,True,True,True,True,-0.038957,True,0.987487,0.984002,True
ag_news_0115,ag_news,ag_news_003,Business,2,True,True,True,2,0,0,2,0,0,ag_news_004,115.0,ag_news,AG News,Business,accepted,False,,,-8.445503,-0.064641,0.992665,0.995091,True,True,True,True,True,-0.064641,True,0.992665,0.995091,True
ag_news_0118,ag_news,ag_news_004,Sci/Tech,2,True,True,True,2,0,0,2,0,0,ag_news_007,118.0,ag_news,AG News,Sci/Tech,accepted,False,,,-9.46212,-0.030542,0.973047,0.977948,True,True,True,True,True,-0.030542,True,0.973047,0.977948,True
ag_news_0119,ag_news,ag_news_006,Sci/Tech,2,True,True,True,2,0,0,2,0,0,ag_news_009,119.0,ag_news,AG News,Sci/Tech,accepted,False,,,-41.765968,-0.729917,0.962465,0.900357,True,True,True,True,True,-0.729917,True,0.962465,0.900357,True
ag_news_0120,ag_news,ag_news_001,Business,3,True,True,True,3,0,0,3,0,0,ag_news_002,120.0,ag_news,AG News,Business,accepted,False,,,-41.675053,-0.430085,0.993101,0.99024,True,True,True,True,True,-0.430085,True,0.993101,0.99024,True
ag_news_0121,ag_news,ag_news_004,Sci/Tech,2,True,True,True,2,0,0,2,0,0,ag_news_006,121.0,ag_news,AG News,Sci/Tech,accepted,False,,,14.4198,-0.968353,0.91751,0.912219,True,True,True,True,True,-0.968353,True,0.91751,0.912219,True
ag_news_0122,ag_news,ag_news_001,World,3,True,True,True,3,0,0,3,0,0,ag_news_002,122.0,ag_news,AG News,World,accepted,False,,,-10.665733,-0.090759,0.92349,0.936955,True,True,True,True,True,-0.090759,True,0.92349,0.936955,True
ag_news_0123,ag_news,ag_news_007,Business,2,True,True,True,2,0,0,2,0,0,ag_news_010,123.0,ag_news,AG News,Business,accepted,False,,,-25.328049,-0.1679,0.956505,0.924395,True,True,True,True,True,-0.1679,True,0.956505,0.924395,True
ag_news_0124,ag_news,ag_news_001,Sci/Tech,3,False,False,False,1,2,0,1,2,0,ag_news_001,124.0,ag_news,AG News,Sci/Tech,accepted,False,,,-52.843224,-0.583633,0.963994,0.969794,True,False,False,False,False,-0.583633,True,0.963994,0.969794,True
ag_news_0125,ag_news,ag_news_003,Business,2,True,True,True,2,0,0,2,0,0,ag_news_004,125.0,ag_news,AG News,Business,accepted,False,,,-35.695045,-0.771714,0.97897,0.98311,True,True,True,True,True,-0.771714,True,0.97897,0.98311,True
ag_news_0128,ag_news,ag_news_006,Business,2,True,True,True,2,0,0,2,0,0,ag_news_009,128.0,ag_news,AG News,Business,accepted,False,,,-62.848364,-0.541178,0.914597,0.864719,True,True,True,True,True,-0.541178,True,0.914597,0.864719,True
ag_news_0129,ag_news,ag_news_007,Sports,2,True,True,True,2,0,0,2,0,0,ag_news_010,129.0,ag_news,AG News,Sports,accepted,False,,,-44.067642,0.099139,0.968305,0.869893,True,True,True,True,True,0.099139,True,0.968305,0.869893,True
ag_news_0130,ag_news,ag_news_007,Sci/Tech,2,True,True,True,2,0,0,2,0,0,ag_news_011,130.0,ag_news,AG News,Sci/Tech,accepted,False,,,-91.501009,-1.207608,0.989896,0.981492,True,True,True,True,True,-1.207608,True,0.989896,0.981492,True
ag_news_0131,ag_news,ag_news_004,Sci/Tech,2,True,True,True,2,0,0,2,0,0,ag_news_006,131.0,ag_news,AG News,Sci/Tech,accepted,False,,,-66.189438,0.055558,0.987635,0.988014,True,True,True,True,True,0.055558,True,0.987635,0.988014,True
ag_news_0136,ag_news,ag_news_005,Sci/Tech,2,True,True,True,2,0,0,2,0,0,ag_news_008,136.0,ag_news,AG News,Sci/Tech,accepted,False,,,-81.936726,-0.871433,0.970158,0.969699,True,True,True,True,True,-0.871433,True,0.970158,0.969699,True
ag_news_0138,ag_news,ag_news_003,Sports,2,True,True,True,2,0,0,2,0,0,ag_news_004,138.0,ag_news,AG News,Sports,accepted,False,,,-35.873402,-0.076034,0.947892,0.978734,True,True,True,True,True,-0.076034,True,0.947892,0.978734,True
ag_news_0139,ag_news,ag_news_008,Business,2,True,True,True,2,0,0,2,0,0,ag_news_011,139.0,ag_news,AG News,Business,accepted,False,,,-8.607922,0.019622,0.994705,0.978895,True,True,True,True,True,0.019622,True,0.994705,0.978895,True
ag_news_0140,ag_news,ag_news_008,Sports,2,True,True,True,2,0,0,2,0,0,ag_news_011,140.0,ag_news,AG News,Sports,accepted,False,,,7.702347,0.058132,0.982433,0.982643,True,True,True,True,True,0.058132,True,0.982433,0.982643,True
ag_news_0142,ag_news,ag_news_002,Sci/Tech,3,True,True,True,3,0,0,3,0,0,ag_news_004,142.0,ag_news,AG News,Sci/Tech,accepted,False,,,-14.798157,0.029885,0.995287,0.96837,True,True,True,True,True,0.029885,True,0.995287,0.96837,True
ag_news_0143,ag_news,ag_news_007,World,2,True,True,True,2,0,0,2,0,0,ag_news_010,143.0,ag_news,AG News,World,accepted,False,,,385.68108,-0.015833,0.985755,0.962222,True,True,True,True,True,-0.015833,True,0.985755,0.962222,True
ag_news_0144,ag_news,ag_news_003,Business,2,True,True,True,2,0,0,2,0,0,ag_news_004,144.0,ag_news,AG News,Business,accepted,False,,,-50.316444,-1.02513,0.986573,0.988852,True,True,True,True,True,-1.02513,True,0.986573,0.988852,True
ag_news_0145,ag_news,ag_news_002,Sci/Tech,3,True,True,True,3,0,0,3,0,0,ag_news_003,145.0,ag_news,AG News,Sci/Tech,accepted,False,,,-22.444679,-0.290339,0.989565,0.991294,True,True,True,True,True,-0.290339,True,0.989565,0.991294,True
ag_news_0148,ag_news,ag_news_003,World,2,True,False,False,2,0,0,0,2,0,ag_news_005,148.0,ag_news,AG News,World,accepted,False,,,-127.104729,-1.382825,0.990572,0.986122,True,False,True,True,False,-1.382825,True,0.990572,0.986122,True
ag_news_0149,ag_news,ag_news_006,Business,2,True,True,True,2,0,0,2,0,0,ag_news_010,149.0,ag_news,AG News,Business,accepted,False,,,-49.622533,-0.783626,0.946675,0.922152,True,True,True,True,True,-0.783626,True,0.946675,0.922152,True
ag_news_0150,ag_news,ag_news_005,Sci/Tech,2,True,True,True,2,0,0,2,0,0,ag_news_008,150.0,ag_news,AG News,Sci/Tech,accepted,False,,,-13.516214,-0.227941,0.942444,0.949537,True,True,True,True,True,-0.227941,True,0.942444,0.949537,True
ag_news_0151,ag_news,ag_news_003,Sports,2,True,,False,2,0,0,1,1,0,ag_news_005,151.0,ag_news,AG News,Sports,accepted,False,,,-96.941498,-0.142773,0.997799,0.996559,True,False,True,True,,-0.142773,True,0.997799,0.996559,True
ag_news_0152,ag_news,ag_news_002,Sci/Tech,3,True,True,True,3,0,0,3,0,0,ag_news_003,152.0,ag_news,AG News,Sci/Tech,accepted,False,,,-7.870399,0.006053,0.978326,0.977218,True,True,True,True,True,0.006053,True,0.978326,0.977218,True
ag_news_0153,ag_news,ag_news_002,Sci/Tech,3,True,True,True,3,0,0,3,0,0,ag_news_002,153.0,ag_news,AG News,Sci/Tech,accepted,False,,,-212.83934,-0.348476,0.982559,0.992086,True,True,True,True,True,-0.348476,True,0.982559,0.992086,True
ag_news_0154,ag_news,ag_news_006,Sci/Tech,2,True,True,True,2,0,0,2,0,0,ag_news_009,154.0,ag_news,AG News,Sci/Tech,accepted,False,,,-53.894081,-0.610666,0.992258,0.979074,True,True,True,True,True,-0.610666,True,0.992258,0.979074,True
ag_news_0155,ag_news,ag_news_008,Business,2,,,False,1,1,0,1,1,0,ag_news_012,155.0,ag_news,AG News,Business,accepted,False,,,501.514648,-0.070566,0.95139,0.894636,True,False,,,,-0.070566,True,0.95139,0.894636,True
ag_news_0156,ag_news,ag_news_008,Sci/Tech,2,True,True,True,2,0,0,2,0,0,ag_news_011,156.0,ag_news,AG News,Sci/Tech,accepted,False,,,-67.436424,-0.606503,0.987995,0.983021,True,True,True,True,True,-0.606503,True,0.987995,0.983021,True
ag_news_0157,ag_news,ag_news_004,Sci/Tech,2,True,True,True,2,0,0,2,0,0,ag_news_006,157.0,ag_news,AG News,Sci/Tech,accepted,False,,,7327.819809,-0.17963,0.991634,0.972958,True,True,True,True,True,-0.17963,True,0.991634,0.972958,True
ag_news_0158,ag_news,ag_news_004,Sci/Tech,2,True,True,True,2,0,0,2,0,0,ag_news_006,158.0,ag_news,AG News,Sci/Tech,accepted,False,,,-8.68705,-0.149093,0.975662,0.946073,True,True,True,True,True,-0.149093,True,0.975662,0.946073,True
ag_news_0242,ag_news,ag_news_001,World,3,False,True,False,1,2,0,2,1,0,ag_news_001,242.0,ag_news,AG News,World,rejected,False,,,6.027931,0.051285,0.947027,0.0151,False,True,False,True,True,0.051285,True,0.947027,0.0151,False
ag_news_0243,ag_news,ag_news_006,Sci/Tech,2,True,True,True,2,0,0,2,0,0,ag_news_009,243.0,ag_news,AG News,Sci/Tech,rejected,False,,,-5.867317,-0.082284,0.995445,0.042079,False,False,True,False,True,-0.082284,True,0.995445,0.042079,False
ag_news_0244,ag_news,ag_news_002,Business,3,True,False,False,3,0,0,0,3,0,ag_news_003,244.0,ag_news,AG News,Business,rejected,False,,,29.813919,0.564031,0.975108,0.974537,False,True,True,False,False,0.564031,False,0.975108,0.974537,True
ag_news_0245,ag_news,ag_news_007,World,2,True,True,True,2,0,0,2,0,0,ag_news_010,245.0,ag_news,AG News,World,rejected,False,,,-11.430115,-0.146879,0.978928,0.001417,False,False,True,False,True,-0.146879,True,0.978928,0.001417,False
ag_news_0246,ag_news,ag_news_004,World,2,True,True,True,2,0,0,2,0,0,ag_news_005,246.0,ag_news,AG News,World,rejected,False,,,3.626179,0.24032,0.961325,0.000808,False,False,True,False,True,0.24032,True,0.961325,0.000808,False
ag_news_0247,ag_news,ag_news_005,Business,2,True,False,False,2,0,0,0,2,0,ag_news_007,247.0,ag_news,AG News,Business,rejected,False,,,2.915154,0.043935,0.879802,0.012693,False,True,True,False,False,0.043935,True,0.879802,0.012693,False
ag_news_0265,ag_news,ag_news_007,Sports,2,True,False,False,2,0,0,0,2,0,ag_news_010,265.0,ag_news,AG News,Sports,rejected,False,,,63.124306,0.625628,0.928362,0.961019,False,True,True,False,False,0.625628,False,0.928362,0.961019,True
ag_news_0266,ag_news,ag_news_004,World,2,True,False,False,2,0,0,0,2,0,ag_news_006,266.0,ag_news,AG News,World,rejected,False,,,26.559917,0.40398,0.023328,0.961079,False,True,True,False,False,0.40398,False,0.023328,0.961079,False
ag_news_0267,ag_news,ag_news_008,Sci/Tech,2,True,False,False,2,0,0,0,2,0,ag_news_012,267.0,ag_news,AG News,Sci/Tech,rejected,False,,,22.289917,0.286275,0.046375,0.665174,False,True,True,False,False,0.286275,True,0.046375,0.665174,False
ag_news_0268,ag_news,ag_news_007,Sci/Tech,2,True,,False,2,0,0,1,1,0,ag_news_011,268.0,ag_news,AG News,Sci/Tech,rejected,False,,,27.518196,0.30559,0.00412,0.975365,False,True,True,False,,0.30559,False,0.00412,0.975365,False
ag_news_0306,ag_news,ag_news_002,Sports,3,True,False,False,2,1,0,0,3,0,ag_news_002,306.0,ag_news,AG News,Sports,rejected,False,,,21.144638,0.110504,0.047888,0.991401,False,True,True,False,False,0.110504,True,0.047888,0.991401,False
ag_news_0307,ag_news,ag_news_005,Sports,2,True,,False,2,0,0,1,1,0,ag_news_007,307.0,ag_news,AG News,Sports,rejected,False,,,17.240223,0.11418,0.04105,0.990729,False,True,True,False,,0.11418,True,0.04105,0.990729,False
ag_news_0308,ag_news,ag_news_005,Sports,2,True,False,False,2,0,0,0,2,0,ag_news_007,308.0,ag_news,AG News,Sports,rejected,False,,,17.048752,0.138807,0.022499,0.943948,False,True,True,False,False,0.138807,True,0.022499,0.943948,False
ag_news_0309,ag_news,ag_news_004,Sports,2,True,True,True,2,0,0,2,0,0,ag_news_005,309.0,ag_news,AG News,Sports,rejected,False,,,-11.935486,0.076066,0.001626,0.966259,False,False,True,False,True,0.076066,True,0.001626,0.966259,False
ag_news_0310,ag_news,ag_news_005,Sci/Tech,2,True,False,False,2,0,0,0,2,0,ag_news_008,310.0,ag_news,AG News,Sci/Tech,rejected,False,,,67.751175,0.539205,0.973809,0.98704,False,True,True,False,False,0.539205,False,0.973809,0.98704,True
ag_news_0326,ag_news,ag_news_003,Sci/Tech,2,True,True,True,2,0,0,2,0,0,ag_news_004,326.0,ag_news,AG News,Sci/Tech,rejected,False,,,-120.976875,-0.827506,0.976059,0.000548,False,False,True,False,True,-0.827506,True,0.976059,0.000548,False
ag_news_0327,ag_news,ag_news_001,Sci/Tech,3,False,True,False,1,2,0,3,0,0,ag_news_002,327.0,ag_news,AG News,Sci/Tech,rejected,False,,,-8.891037,-0.073675,0.959511,0.001109,False,True,False,True,True,-0.073675,True,0.959511,0.001109,False
ag_news_0328,ag_news,ag_news_001,Business,3,True,True,True,3,0,0,3,0,0,ag_news_001,328.0,ag_news,AG News,Business,rejected,False,,,-7.717674,-0.152228,0.991793,0.009207,False,False,True,False,True,-0.152228,True,0.991793,0.009207,False
ag_news_0329,ag_news,ag_news_006,World,2,True,True,True,2,0,0,2,0,0,ag_news_009,329.0,ag_news,AG News,World,rejected,False,,,-28.37038,0.213752,0.99438,0.005965,False,False,True,False,True,0.213752,True,0.99438,0.005965,False
ag_news_0330,ag_news,ag_news_002,Sci/Tech,3,True,True,True,3,0,0,3,0,0,ag_news_002,330.0,ag_news,AG News,Sci/Tech,rejected,False,,,0.310883,0.438264,0.994462,0.992237,False,False,True,False,True,0.438264,False,0.994462,0.992237,True
ag_news_0331,ag_news,ag_news_007,Sci/Tech,2,,True,False,1,1,0,2,0,0,ag_news_011,331.0,ag_news,AG News,Sci/Tech,rejected,False,,,-60.889008,0.103568,0.916666,0.003283,False,True,,,True,0.103568,True,0.916666,0.003283,False
ag_news_0411,ag_news,ag_news_008,Sports,2,False,,False,0,2,0,1,1,0,ag_news_012,411.0,ag_news,AG News,Sports,rejected,False,,,-60.994965,-0.381272,0.000303,0.961005,False,True,False,True,,-0.381272,True,0.000303,0.961005,False
ag_news_0412,ag_news,ag_news_006,Sci/Tech,2,False,True,False,0,2,0,2,0,0,ag_news_009,412.0,ag_news,AG News,Sci/Tech,rejected,False,,,213.30265,3.050032,7.9e-05,0.000269,False,True,False,True,True,3.050032,False,7.9e-05,0.000269,False
ag_news_0413,ag_news,ag_news_002,Business,3,True,True,True,3,0,0,3,0,0,ag_news_003,413.0,ag_news,AG News,Business,rejected,False,,,-18.192219,0.027698,0.00059,0.966963,False,False,True,False,True,0.027698,True,0.00059,0.966963,False
ag_news_0414,ag_news,ag_news_001,Sci/Tech,3,True,True,True,2,1,0,2,1,0,ag_news_001,414.0,ag_news,AG News,Sci/Tech,rejected,False,,,-32.793091,0.594528,0.940536,0.101199,False,False,True,False,True,0.594528,False,0.940536,0.101199,True
ag_news_0415,ag_news,ag_news_002,World,3,True,True,True,3,0,0,3,0,0,ag_news_003,415.0,ag_news,AG News,World,rejected,False,,,-3.628994,0.133378,0.000212,0.992768,False,False,True,False,True,0.133378,True,0.000212,0.992768,False
ag_news_0416,ag_news,ag_news_005,Sci/Tech,2,True,,False,2,0,0,1,1,0,ag_news_008,416.0,ag_news,AG News,Sci/Tech,rejected,False,,,-2.861797,0.247544,0.003846,0.984515,False,True,True,False,,0.247544,True,0.003846,0.984515,False
ag_news_0417,ag_news,ag_news_003,Business,2,True,False,False,2,0,0,0,2,0,ag_news_004,417.0,ag_news,AG News,Business,rejected,False,,,18.963343,0.567568,0.253801,0.900117,False,True,True,False,False,0.567568,False,0.253801,0.900117,True
ag_news_0418,ag_news,ag_news_007,Business,2,,True,False,1,1,0,2,0,0,ag_news_010,418.0,ag_news,AG News,Business,rejected,False,,,0.28656,0.020727,0.000493,0.888682,False,True,,,True,0.020727,True,0.000493,0.888682,False
ag_news_0419,ag_news,ag_news_006,Business,2,True,True,True,2,0,0,2,0,0,ag_news_008,419.0,ag_news,AG News,Business,rejected,False,,,-15.50626,-0.287915,0.000812,0.090345,False,False,True,False,True,-0.287915,True,0.000812,0.090345,False
ag_news_0420,ag_news,ag_news_004,Business,2,True,,False,2,0,0,1,1,0,ag_news_005,420.0,ag_news,AG News,Business,rejected,False,,,-21.574028,0.293315,0.178393,0.000906,False,True,True,False,,0.293315,True,0.178393,0.000906,False
ag_news_0421,ag_news,ag_news_003,Sci/Tech,2,True,,False,2,0,0,1,1,0,ag_news_004,421.0,ag_news,AG News,Sci/Tech,rejected,False,,,-0.969734,0.18909,0.001166,0.959146,False,True,True,False,,0.18909,True,0.001166,0.959146,False
ag_news_0422,ag_news,ag_news_003,Business,2,True,False,False,2,0,0,0,2,0,ag_news_005,422.0,ag_news,AG News,Business,rejected,False,,,-19.3554,-0.364327,0.000443,0.989296,False,True,True,False,False,-0.364327,True,0.000443,0.989296,False
ag_news_0423,ag_news,ag_news_007,Sci/Tech,2,True,,False,2,0,0,1,1,0,ag_news_011,423.0,ag_news,AG News,Sci/Tech,rejected,False,,,-51.11422,-0.738794,0.007542,0.984737,False,True,True,False,,-0.738794,True,0.007542,0.984737,False
github_0002,github,github_004,question,2,True,True,True,2,0,0,2,0,0,github_006,2.0,github,GitHub Issues,question,accepted,False,,,-191.985752,-1.340919,0.94221,0.915246,True,True,True,True,True,-1.340919,True,0.94221,0.915246,True
github_0003,github,github_019,bug,2,True,True,True,2,0,0,2,0,0,github_033,3.0,github,GitHub Issues,bug,accepted,False,,,-3.993676,-0.457131,0.95075,0.861326,True,True,True,True,True,-0.457131,True,0.95075,0.861326,True
github_0004,github,github_003,question,2,,,False,1,1,0,1,1,0,github_005,4.0,github,GitHub Issues,question,accepted,False,,,-6.7724,-0.268202,0.993295,0.99242,True,False,,,,-0.268202,True,0.993295,0.99242,True
github_0005,github,github_016,enhancement,2,True,True,True,2,0,0,2,0,0,github_026,5.0,github,GitHub Issues,enhancement,accepted,False,,,-34.065811,-0.823822,0.943739,0.911658,True,True,True,True,True,-0.823822,True,0.943739,0.911658,True
github_0006,github,github_002,enhancement,2,True,,False,2,0,0,1,1,0,github_002,6.0,github,GitHub Issues,enhancement,accepted,False,,,-2057.840668,-2.287618,0.975171,0.97688,True,False,True,True,,-2.287618,True,0.975171,0.97688,True
github_0007,github,github_016,question,2,,,False,1,1,0,1,1,0,github_027,7.0,github,GitHub Issues,question,accepted,False,,,-9.762291,-0.2473,0.977221,0.974243,True,False,,,,-0.2473,True,0.977221,0.974243,True
github_0008,github,github_018,bug,2,,False,False,1,1,0,0,2,0,github_031,8.0,github,GitHub Issues,bug,accepted,False,,,-1235.056137,-2.105908,0.988836,0.965056,True,False,,,False,-2.105908,True,0.988836,0.965056,True
github_0009,github,github_010,question,2,True,,False,2,0,0,1,1,0,github_017,9.0,github,GitHub Issues,question,accepted,False,,,-174.173256,-1.163445,0.988797,0.987692,True,False,True,True,,-1.163445,True,0.988797,0.987692,True
github_0010,github,github_017,enhancement,2,True,,False,2,0,0,1,1,0,github_029,10.0,github,GitHub Issues,enhancement,accepted,False,,,-117.732231,-1.265718,0.99516,0.994858,True,False,True,True,,-1.265718,True,0.99516,0.994858,True
github_0011,github,github_014,bug,2,,,False,1,1,0,1,1,0,github_023,11.0,github,GitHub Issues,bug,accepted,False,,,-39.964138,-0.964537,0.848115,0.870906,True,False,,,,-0.964537,True,0.848115,0.870906,True
github_0012,github,github_007,bug,2,True,,False,2,0,0,1,1,0,github_011,12.0,github,GitHub Issues,bug,accepted,False,,,-39.839058,-0.682903,0.932811,0.95752,True,False,True,True,,-0.682903,True,0.932811,0.95752,True
github_0013,github,github_020,bug,2,True,True,True,2,0,0,2,0,0,github_035,13.0,github,GitHub Issues,bug,accepted,False,,,5.543999,0.062734,0.957253,0.957253,True,True,True,True,True,0.062734,True,0.957253,0.957253,True
github_0014,github,github_003,enhancement,2,False,True,False,0,2,0,2,0,0,github_005,14.0,github,GitHub Issues,enhancement,accepted,False,,,-39.712944,-1.385693,0.984413,0.969744,True,False,False,False,True,-1.385693,True,0.984413,0.969744,True
github_0015,github,github_002,bug,2,True,True,True,2,0,0,2,0,0,github_004,15.0,github,GitHub Issues,bug,accepted,False,,,-53.825119,-1.089574,0.972421,0.972953,True,True,True,True,True,-1.089574,True,0.972421,0.972953,True
github_0016,github,github_007,enhancement,2,True,True,True,2,0,0,2,0,0,github_012,16.0,github,GitHub Issues,enhancement,accepted,False,,,13.538681,0.052371,0.947153,0.964674,True,True,True,True,True,0.052371,True,0.947153,0.964674,True
github_0017,github,github_019,bug,2,True,False,False,2,0,0,0,2,0,github_033,17.0,github,GitHub Issues,bug,accepted,False,,,-20.198193,-0.944659,0.927143,0.937069,True,False,True,True,False,-0.944659,True,0.927143,0.937069,True
github_0018,github,github_005,bug,2,True,True,True,2,0,0,2,0,0,github_008,18.0,github,GitHub Issues,bug,accepted,False,,,-23.1138,-0.315111,0.925356,0.951899,True,True,True,True,True,-0.315111,True,0.925356,0.951899,True
github_0019,github,github_012,bug,2,True,,False,2,0,0,1,1,0,github_019,19.0,github,GitHub Issues,bug,accepted,False,,,-26.533089,-0.354,0.988952,0.971541,True,False,True,True,,-0.354,True,0.988952,0.971541,True
github_0020,github,github_001,question,4,True,True,True,3,1,0,3,1,0,github_001,20.0,github,GitHub Issues,question,accepted,False,,,-60.927746,-0.808171,0.987781,0.969891,True,True,True,True,True,-0.808171,True,0.987781,0.969891,True
github_0021,github,github_008,enhancement,2,True,False,False,2,0,0,0,2,0,github_014,21.0,github,GitHub Issues,enhancement,accepted,False,,,-231.206299,-2.233103,0.993415,0.979154,True,False,True,True,False,-2.233103,True,0.993415,0.979154,True
github_0022,github,github_008,bug,2,True,False,False,2,0,0,0,2,0,github_013,22.0,github,GitHub Issues,bug,accepted,False,,,-66.129532,-0.709865,0.993385,0.990713,True,False,True,True,False,-0.709865,True,0.993385,0.990713,True
github_0031,github,github_012,enhancement,2,True,,False,2,0,0,1,1,0,github_020,31.0,github,GitHub Issues,enhancement,accepted,False,,,12.629032,0.083514,0.983076,0.993854,True,False,True,True,,0.083514,True,0.983076,0.993854,True
github_0032,github,github_004,enhancement,2,True,False,False,2,0,0,0,2,0,github_006,32.0,github,GitHub Issues,enhancement,accepted,False,,,26.036255,0.026113,0.866266,0.948108,True,False,True,True,False,0.026113,True,0.866266,0.948108,True
github_0033,github,github_011,bug,2,True,True,True,2,0,0,2,0,0,github_017,33.0,github,GitHub Issues,bug,accepted,False,,,-3.479782,-0.00094,0.976726,0.970682,True,True,True,True,True,-0.00094,True,0.976726,0.970682,True
github_0034,github,github_011,bug,2,True,,False,2,0,0,1,1,0,github_018,34.0,github,GitHub Issues,bug,accepted,False,,,1.707436,-0.017258,0.911918,0.902298,True,False,True,True,,-0.017258,True,0.911918,0.902298,True
github_0035,github,github_016,enhancement,2,True,,False,2,0,0,1,1,0,github_027,35.0,github,GitHub Issues,enhancement,accepted,False,,,2.484264,0.013993,0.970965,0.960939,True,False,True,True,,0.013993,True,0.970965,0.960939,True
github_0036,github,github_006,bug,2,True,False,False,2,0,0,0,2,0,github_010,36.0,github,GitHub Issues,bug,accepted,False,,,10.313736,0.039364,0.967606,0.980567,True,False,True,True,False,0.039364,True,0.967606,0.980567,True
github_0037,github,github_002,bug,2,True,,False,2,0,0,1,1,0,github_003,37.0,github,GitHub Issues,bug,accepted,False,,,0.092407,0.060713,0.90874,0.927275,True,False,True,True,,0.060713,True,0.90874,0.927275,True
github_0038,github,github_019,enhancement,2,True,False,False,2,0,0,0,2,0,github_032,38.0,github,GitHub Issues,enhancement,accepted,False,,,-32.375519,-0.304642,0.976183,0.976129,True,False,True,True,False,-0.304642,True,0.976183,0.976129,True
github_0039,github,github_015,bug,3,True,True,True,3,0,0,2,1,0,github_026,39.0,github,GitHub Issues,bug,accepted,False,,,5.422379,0.028917,0.8367,0.922831,True,True,True,True,True,0.028917,True,0.8367,0.922831,True
github_0040,github,github_013,question,2,True,True,True,2,0,0,2,0,0,github_022,40.0,github,GitHub Issues,question,accepted,False,,,3.53495,0.029364,0.985144,0.98652,True,True,True,True,True,0.029364,True,0.985144,0.98652,True
github_0041,github,github_010,bug,2,True,True,True,2,0,0,2,0,0,github_017,41.0,github,GitHub Issues,bug,accepted,False,,,4.324043,-0.093672,0.886149,0.928564,True,True,True,True,True,-0.093672,True,0.886149,0.928564,True
github_0042,github,github_009,enhancement,2,True,False,False,2,0,0,0,2,0,github_015,42.0,github,GitHub Issues,enhancement,accepted,False,,,17.218895,0.084388,0.981782,0.984201,True,False,True,True,False,0.084388,True,0.981782,0.984201,True
github_0043,github,github_001,enhancement,4,True,False,False,3,1,0,1,3,0,github_001,43.0,github,GitHub Issues,enhancement,accepted,False,,,-7814.858887,-1.043958,0.970173,0.981743,True,False,True,True,False,-1.043958,True,0.970173,0.981743,True
github_0044,github,github_013,bug,2,True,False,False,2,0,0,0,2,0,github_022,44.0,github,GitHub Issues,bug,accepted,False,,,31.541702,0.074134,0.944779,0.957443,True,False,True,True,False,0.074134,True,0.944779,0.957443,True
github_0045,github,github_019,bug,2,True,False,False,2,0,0,0,2,0,github_033,45.0,github,GitHub Issues,bug,accepted,False,,,-2.386322,0.00269,0.874383,0.954337,True,False,True,True,False,0.00269,True,0.874383,0.954337,True
github_0046,github,github_010,question,2,True,True,True,2,0,0,2,0,0,github_015,46.0,github,GitHub Issues,question,accepted,False,,,2.137648,0.080271,0.913067,0.937557,True,True,True,True,True,0.080271,True,0.913067,0.937557,True
github_0074,github,github_010,enhancement,2,True,,False,2,0,0,1,1,0,github_016,74.0,github,GitHub Issues,enhancement,accepted,False,,,-97.884182,-1.067132,0.973698,0.975319,True,False,True,True,,-1.067132,True,0.973698,0.975319,True
github_0075,github,github_014,enhancement,2,,True,False,1,1,0,2,0,0,github_024,75.0,github,GitHub Issues,enhancement,accepted,False,,,-60.498856,-0.633175,0.962582,0.980668,True,False,,,True,-0.633175,True,0.962582,0.980668,True
github_0076,github,github_018,question,2,,False,False,1,1,0,0,2,0,github_032,76.0,github,GitHub Issues,question,accepted,False,,,-50.30949,-0.62651,0.939328,0.967143,True,False,,,False,-0.62651,True,0.939328,0.967143,True
github_0077,github,github_016,question,2,True,,False,2,0,0,1,1,0,github_028,77.0,github,GitHub Issues,question,accepted,False,,,40.712585,-0.014952,0.954145,0.979519,True,False,True,True,,-0.014952,True,0.954145,0.979519,True
github_0078,github,github_002,bug,2,True,,False,2,0,0,1,1,0,github_003,78.0,github,GitHub Issues,bug,accepted,False,,,3.528481,0.080967,0.93351,0.948086,True,False,True,True,,0.080967,True,0.93351,0.948086,True
github_0079,github,github_007,enhancement,2,True,,False,2,0,0,1,1,0,github_012,79.0,github,GitHub Issues,enhancement,accepted,False,,,0.495064,-0.001936,0.975342,0.985634,True,False,True,True,,-0.001936,True,0.975342,0.985634,True
github_0080,github,github_004,enhancement,2,,False,False,1,1,0,0,2,0,github_006,80.0,github,GitHub Issues,enhancement,accepted,False,,,1.081459,0.034163,0.986062,0.99142,True,False,,,False,0.034163,True,0.986062,0.99142,True
github_0081,github,github_014,question,2,,False,False,1,1,0,0,2,0,github_024,81.0,github,GitHub Issues,question,accepted,False,,,-91.930428,-1.047507,0.971856,0.991032,True,False,,,False,-1.047507,True,0.971856,0.991032,True
github_0088,github,github_005,bug,2,True,True,True,2,0,0,2,0,0,github_008,88.0,github,GitHub Issues,bug,accepted,False,,,-0.731594,-0.120659,0.99766,0.996488,True,True,True,True,True,-0.120659,True,0.99766,0.996488,True
github_0089,github,github_017,bug,2,True,True,True,2,0,0,2,0,0,github_028,89.0,github,GitHub Issues,bug,accepted,False,,,2018.154606,-0.008723,0.984634,0.981863,True,True,True,True,True,-0.008723,True,0.984634,0.981863,True
github_0090,github,github_018,enhancement,2,,False,False,1,1,0,0,2,0,github_030,90.0,github,GitHub Issues,enhancement,accepted,False,,,106.597702,0.09453,0.915133,0.984714,True,False,,,False,0.09453,True,0.915133,0.984714,True
github_0091,github,github_008,bug,2,False,True,False,0,2,0,2,0,0,github_013,91.0,github,GitHub Issues,bug,accepted,False,,,3022.824524,0.039118,0.982384,0.988206,True,False,False,False,True,0.039118,True,0.982384,0.988206,True
github_0092,github,github_004,bug,2,True,True,True,2,0,0,2,0,0,github_006,92.0,github,GitHub Issues,bug,accepted,False,,,54.765976,-0.031965,0.98822,0.973936,True,True,True,True,True,-0.031965,True,0.98822,0.973936,True
github_0093,github,github_002,enhancement,2,True,True,True,2,0,0,2,0,0,github_004,93.0,github,GitHub Issues,enhancement,accepted,False,,,-28.728432,-0.550588,0.940703,0.98477,True,True,True,True,True,-0.550588,True,0.940703,0.98477,True
github_0094,github,github_003,enhancement,2,True,True,True,2,0,0,2,0,0,github_005,94.0,github,GitHub Issues,enhancement,accepted,False,,,150.520111,-0.627502,0.901303,0.966613,True,True,True,True,True,-0.627502,True,0.901303,0.966613,True
github_0095,github,github_004,enhancement,2,True,True,True,2,0,0,2,0,0,github_007,95.0,github,GitHub Issues,enhancement,accepted,False,,,5996.269409,0.080338,0.97186,0.982355,True,True,True,True,True,0.080338,True,0.97186,0.982355,True
github_0096,github,github_018,bug,2,,True,False,1,1,0,2,0,0,github_030,96.0,github,GitHub Issues,bug,accepted,False,,,-0.362187,-0.204036,0.952863,0.891675,True,False,,,True,-0.204036,True,0.952863,0.891675,True
github_0097,github,github_017,bug,2,True,,False,2,0,0,1,1,0,github_029,97.0,github,GitHub Issues,bug,accepted,False,,,1448.491108,0.023435,0.977533,0.978128,True,False,True,True,,0.023435,True,0.977533,0.978128,True
github_0098,github,github_011,bug,2,True,True,True,2,0,0,2,0,0,github_018,98.0,github,GitHub Issues,bug,accepted,False,,,298.628967,-0.057389,0.803554,0.983591,True,True,True,True,True,-0.057389,True,0.803554,0.983591,True
github_0099,github,github_016,bug,2,True,,False,2,0,0,1,1,0,github_027,99.0,github,GitHub Issues,bug,accepted,False,,,5929.22965,0.035323,0.840818,0.939952,True,False,True,True,,0.035323,True,0.840818,0.939952,True
github_0100,github,github_016,bug,2,True,False,False,2,0,0,0,2,0,github_026,100.0,github,GitHub Issues,bug,accepted,False,,,177.587812,0.021571,0.934185,0.815292,True,False,True,True,False,0.021571,True,0.934185,0.815292,True
github_0101,github,github_011,bug,2,True,True,True,2,0,0,2,0,0,github_018,101.0,github,GitHub Issues,bug,accepted,False,,,744.555565,0.024726,0.897081,0.935706,True,True,True,True,True,0.024726,True,0.897081,0.935706,True
github_0103,github,github_014,bug,2,True,True,True,2,0,0,2,0,0,github_023,103.0,github,GitHub Issues,bug,accepted,False,,,-40.403702,0.062663,0.949232,0.931398,True,True,True,True,True,0.062663,True,0.949232,0.931398,True
github_0104,github,github_020,bug,2,False,True,False,0,2,0,2,0,0,github_035,104.0,github,GitHub Issues,bug,accepted,False,,,60.442283,0.020675,0.960814,0.917437,True,False,False,False,True,0.020675,True,0.960814,0.917437,True
github_0105,github,github_021,enhancement,2,True,,False,2,0,0,1,0,1,github_035,105.0,github,GitHub Issues,enhancement,accepted,False,,,-678.003265,-1.595897,0.914875,0.990954,True,False,True,True,,-1.595897,True,0.914875,0.990954,True
github_0106,github,github_001,bug,4,True,False,False,4,0,0,1,3,0,github_001,106.0,github,GitHub Issues,bug,accepted,False,,,-193.583488,-1.265187,0.983951,0.988781,True,False,True,True,False,-1.265187,True,0.983951,0.988781,True
github_0107,github,github_011,bug,2,True,,False,2,0,0,1,1,0,github_019,107.0,github,GitHub Issues,bug,accepted,False,,,833.139099,0.065306,0.944324,0.99155,True,False,True,True,,0.065306,True,0.944324,0.99155,True
github_0108,github,github_012,enhancement,2,,False,False,1,1,0,0,2,0,github_021,108.0,github,GitHub Issues,enhancement,accepted,False,,,-60.352013,-0.549274,0.989369,0.973781,True,False,,,False,-0.549274,True,0.989369,0.973781,True
github_0109,github,github_005,enhancement,2,True,True,True,2,0,0,2,0,0,github_008,109.0,github,GitHub Issues,enhancement,accepted,False,,,-118.361176,-0.822903,0.971716,0.994906,True,True,True,True,True,-0.822903,True,0.971716,0.994906,True
github_0110,github,github_015,question,3,True,True,True,3,0,0,3,0,0,github_025,110.0,github,GitHub Issues,question,accepted,False,,,8132.410172,0.049972,0.965715,0.98759,True,True,True,True,True,0.049972,True,0.965715,0.98759,True
github_0111,github,github_009,enhancement,2,True,True,True,2,0,0,2,0,0,github_014,111.0,github,GitHub Issues,enhancement,accepted,False,,,-57.726105,-0.661942,0.991276,0.953878,True,True,True,True,True,-0.661942,True,0.991276,0.953878,True
github_0112,github,github_001,bug,4,True,False,False,4,0,0,1,3,0,github_002,112.0,github,GitHub Issues,bug,accepted,False,,,800.318222,0.029218,0.847111,0.829198,True,False,True,True,False,0.029218,True,0.847111,0.829198,True
github_0113,github,github_003,bug,2,,True,False,1,1,0,2,0,0,github_005,113.0,github,GitHub Issues,bug,accepted,False,,,81.099898,0.029536,0.910266,0.923533,True,False,,,True,0.029536,True,0.910266,0.923533,True
github_0168,github,github_005,bug,2,True,True,True,2,0,0,2,0,0,github_009,168.0,github,GitHub Issues,bug,accepted,False,,,316.957123,0.007273,0.89113,0.929285,True,True,True,True,True,0.007273,True,0.89113,0.929285,True
github_0169,github,github_019,enhancement,2,True,True,True,2,0,0,2,0,0,github_032,169.0,github,GitHub Issues,enhancement,accepted,False,,,-128.058289,-1.716009,0.988878,0.964176,True,True,True,True,True,-1.716009,True,0.988878,0.964176,True
github_0170,github,github_019,bug,2,True,True,True,2,0,0,2,0,0,github_033,170.0,github,GitHub Issues,bug,accepted,False,,,52.098267,-0.036419,0.960561,0.889758,True,True,True,True,True,-0.036419,True,0.960561,0.889758,True
github_0171,github,github_014,bug,2,,True,False,1,1,0,2,0,0,github_024,171.0,github,GitHub Issues,bug,accepted,False,,,42295.581669,0.007056,0.881445,0.826273,True,False,,,True,0.007056,True,0.881445,0.826273,True
github_0172,github,github_004,enhancement,2,True,True,True,2,0,0,2,0,0,github_007,172.0,github,GitHub Issues,enhancement,accepted,False,,,3026.563721,0.084252,0.991659,0.982848,True,True,True,True,True,0.084252,True,0.991659,0.982848,True
github_0174,github,github_012,bug,2,True,True,True,2,0,0,2,0,0,github_021,174.0,github,GitHub Issues,bug,accepted,False,,,2959.202393,-0.023202,0.980877,0.978075,True,True,True,True,True,-0.023202,True,0.980877,0.978075,True
github_0175,github,github_011,bug,2,True,True,True,2,0,0,2,0,0,github_018,175.0,github,GitHub Issues,bug,accepted,False,,,11012.509285,0.020945,0.923329,0.925049,True,True,True,True,True,0.020945,True,0.923329,0.925049,True
github_0176,github,github_007,question,2,True,True,True,2,0,0,2,0,0,github_012,176.0,github,GitHub Issues,question,accepted,False,,,-29.225737,-0.715549,0.989856,0.989856,True,True,True,True,True,-0.715549,True,0.989856,0.989856,True
github_0177,github,github_001,enhancement,4,True,True,True,4,0,0,4,0,0,github_001,177.0,github,GitHub Issues,enhancement,accepted,False,,,161.313721,0.015215,0.974993,0.977797,True,True,True,True,True,0.015215,True,0.974993,0.977797,True
github_0178,github,github_008,enhancement,2,True,True,True,2,0,0,2,0,0,github_013,178.0,github,GitHub Issues,enhancement,accepted,False,,,1807.436104,0.070776,0.974752,0.995025,True,True,True,True,True,0.070776,True,0.974752,0.995025,True
github_0179,github,github_010,question,2,True,True,True,2,0,0,2,0,0,github_016,179.0,github,GitHub Issues,question,accepted,False,,,-1.138847,-0.171001,0.997503,0.9948,True,True,True,True,True,-0.171001,True,0.997503,0.9948,True
github_0180,github,github_008,bug,2,True,True,True,2,0,0,2,0,0,github_013,180.0,github,GitHub Issues,bug,accepted,False,,,-224.291084,-1.150225,0.99063,0.994672,True,True,True,True,True,-1.150225,True,0.99063,0.994672,True
github_0181,github,github_005,bug,2,True,True,True,2,0,0,2,0,0,github_009,181.0,github,GitHub Issues,bug,accepted,False,,,-69.26371,-0.000617,0.986951,0.986575,True,True,True,True,True,-0.000617,True,0.986951,0.986575,True
github_0182,github,github_004,enhancement,2,True,True,True,2,0,0,2,0,0,github_007,182.0,github,GitHub Issues,enhancement,accepted,False,,,507.550339,-0.006147,0.988239,0.992882,True,True,True,True,True,-0.006147,True,0.988239,0.992882,True
github_0183,github,github_003,enhancement,2,True,True,True,2,0,0,2,0,0,github_004,183.0,github,GitHub Issues,enhancement,accepted,False,,,-82.272701,-1.13144,0.994556,0.993196,True,True,True,True,True,-1.13144,True,0.994556,0.993196,True
github_0184,github,github_006,bug,2,True,True,True,2,0,0,2,0,0,github_009,184.0,github,GitHub Issues,bug,accepted,False,,,-35.417122,-0.390156,0.987652,0.974584,True,True,True,True,True,-0.390156,True,0.987652,0.974584,True
github_0185,github,github_010,enhancement,2,True,True,True,2,0,0,2,0,0,github_016,185.0,github,GitHub Issues,enhancement,accepted,False,,,66.093906,-0.162125,0.960425,0.929388,True,True,True,True,True,-0.162125,True,0.960425,0.929388,True
github_0186,github,github_013,bug,2,True,True,True,2,0,0,2,0,0,github_023,186.0,github,GitHub Issues,bug,accepted,False,,,-1947.094452,-3.329502,0.993707,0.994682,True,True,True,True,True,-3.329502,True,0.993707,0.994682,True
github_0188,github,github_001,bug,4,True,True,True,4,0,0,4,0,0,github_001,188.0,github,GitHub Issues,bug,accepted,False,,,128.131817,-0.113797,0.997939,0.99769,True,True,True,True,True,-0.113797,True,0.997939,0.99769,True
github_0190,github,github_006,bug,2,True,True,True,2,0,0,2,0,0,github_009,190.0,github,GitHub Issues,bug,accepted,False,,,203.084122,-0.503872,0.98152,0.96323,True,True,True,True,True,-0.503872,True,0.98152,0.96323,True
github_0192,github,github_012,question,2,True,True,True,2,0,0,2,0,0,github_020,192.0,github,GitHub Issues,question,accepted,False,,,-42.25639,-0.757974,0.99534,0.986665,True,True,True,True,True,-0.757974,True,0.99534,0.986665,True
github_0193,github,github_002,question,2,True,True,True,2,0,0,2,0,0,github_003,193.0,github,GitHub Issues,question,accepted,False,,,-176.455101,-1.43967,0.992987,0.993208,True,True,True,True,True,-1.43967,True,0.992987,0.993208,True
github_0194,github,github_015,enhancement,3,True,True,True,3,0,0,3,0,0,github_025,194.0,github,GitHub Issues,enhancement,accepted,False,,,-286.190239,-1.448641,0.975942,0.951478,True,True,True,True,True,-1.448641,True,0.975942,0.951478,True
github_0195,github,github_009,enhancement,2,True,True,True,2,0,0,2,0,0,github_015,195.0,github,GitHub Issues,enhancement,accepted,False,,,-61.994728,-0.97178,0.987915,0.90597,True,True,True,True,True,-0.97178,True,0.987915,0.90597,True
github_0196,github,github_008,bug,2,True,True,True,2,0,0,2,0,0,github_013,196.0,github,GitHub Issues,bug,accepted,False,,,264.303375,0.018054,0.955731,0.945896,True,True,True,True,True,0.018054,True,0.955731,0.945896,True
github_0197,github,github_012,question,2,True,True,True,2,0,0,2,0,0,github_019,197.0,github,GitHub Issues,question,accepted,False,,,-99.326019,-0.040667,0.985532,0.981007,True,True,True,True,True,-0.040667,True,0.985532,0.981007,True
github_0198,github,github_020,enhancement,2,True,True,True,2,0,0,2,0,0,github_034,198.0,github,GitHub Issues,enhancement,accepted,False,,,-10.768112,-0.082242,0.996916,0.997106,True,True,True,True,True,-0.082242,True,0.996916,0.997106,True
github_0199,github,github_020,bug,2,True,True,True,2,0,0,2,0,0,github_034,199.0,github,GitHub Issues,bug,accepted,False,,,1042.679947,-0.060485,0.991768,0.961679,True,True,True,True,True,-0.060485,True,0.991768,0.961679,True
github_0200,github,github_013,bug,2,True,True,True,2,0,0,2,0,0,github_022,200.0,github,GitHub Issues,bug,accepted,False,,,-140.452324,-1.162056,0.996585,0.996347,True,True,True,True,True,-1.162056,True,0.996585,0.996347,True
github_0201,github,github_020,question,2,True,True,True,2,0,0,2,0,0,github_035,201.0,github,GitHub Issues,question,accepted,False,,,-116.325775,-1.191305,0.980481,0.973338,True,True,True,True,True,-1.191305,True,0.980481,0.973338,True
github_0202,github,github_005,bug,2,True,True,True,2,0,0,2,0,0,github_008,202.0,github,GitHub Issues,bug,accepted,False,,,42295.581669,0.007056,0.881445,0.826273,True,True,True,True,True,0.007056,True,0.881445,0.826273,True
github_0204,github,github_011,enhancement,2,True,True,True,2,0,0,2,0,0,github_017,204.0,github,GitHub Issues,enhancement,accepted,False,,,-86.10804,0.078882,0.992746,0.98344,True,True,True,True,True,0.078882,True,0.992746,0.98344,True
github_0206,github,github_006,enhancement,2,True,True,True,2,0,0,2,0,0,github_010,206.0,github,GitHub Issues,enhancement,accepted,False,,,-136.270222,-0.122777,0.956509,0.929211,True,True,True,True,True,-0.122777,True,0.956509,0.929211,True
github_0207,github,github_013,enhancement,2,True,True,True,2,0,0,2,0,0,github_023,207.0,github,GitHub Issues,enhancement,accepted,False,,,219.479551,0.000717,0.965185,0.977522,True,True,True,True,True,0.000717,True,0.965185,0.977522,True
github_0208,github,github_013,bug,2,True,True,True,2,0,0,2,0,0,github_021,208.0,github,GitHub Issues,bug,accepted,False,,,29.062263,0.008625,0.877287,0.920112,True,True,True,True,True,0.008625,True,0.877287,0.920112,True
github_0209,github,github_013,enhancement,2,True,True,True,2,0,0,2,0,0,github_021,209.0,github,GitHub Issues,enhancement,accepted,False,,,4623.813477,0.057464,0.95984,0.940524,True,True,True,True,True,0.057464,True,0.95984,0.940524,True
github_0210,github,github_016,enhancement,2,,True,False,1,1,0,2,0,0,github_027,210.0,github,GitHub Issues,enhancement,accepted,False,,,-151.155415,-2.203539,0.983579,0.988791,True,False,,,True,-2.203539,True,0.983579,0.988791,True
github_0213,github,github_017,bug,2,True,True,True,2,0,0,2,0,0,github_030,213.0,github,GitHub Issues,bug,accepted,False,,,42295.581669,0.007056,0.881445,0.826273,True,True,True,True,True,0.007056,True,0.881445,0.826273,True
github_0214,github,github_019,bug,2,True,True,True,2,0,0,2,0,0,github_032,214.0,github,GitHub Issues,bug,accepted,False,,,310.678894,0.03001,0.951144,0.982469,True,True,True,True,True,0.03001,True,0.951144,0.982469,True
github_0215,github,github_017,enhancement,2,True,True,True,2,0,0,2,0,0,github_028,215.0,github,GitHub Issues,enhancement,accepted,False,,,-61.391941,-0.711481,0.955171,0.90496,True,True,True,True,True,-0.711481,True,0.955171,0.90496,True
github_0216,github,github_017,enhancement,2,True,True,True,2,0,0,2,0,0,github_029,216.0,github,GitHub Issues,enhancement,accepted,False,,,-131.873894,-0.568561,0.994693,0.974654,True,True,True,True,True,-0.568561,True,0.994693,0.974654,True
github_0217,github,github_001,bug,4,True,True,True,4,0,0,4,0,0,github_002,217.0,github,GitHub Issues,bug,accepted,False,,,-20.736492,-1.326413,0.982416,0.980808,True,True,True,True,True,-1.326413,True,0.982416,0.980808,True
github_0218,github,github_018,enhancement,2,True,True,True,2,0,0,2,0,0,github_032,218.0,github,GitHub Issues,enhancement,accepted,False,,,61.616653,-0.344024,0.969686,0.940836,True,True,True,True,True,-0.344024,True,0.969686,0.940836,True
github_0219,github,github_003,bug,2,,True,False,1,1,0,2,0,0,github_004,219.0,github,GitHub Issues,bug,accepted,False,,,-3.159576,-0.122922,0.98685,0.974637,True,False,,,True,-0.122922,True,0.98685,0.974637,True
github_0220,github,github_020,question,2,True,True,True,2,0,0,2,0,0,github_034,220.0,github,GitHub Issues,question,accepted,False,,,-200.472729,-1.480263,0.956906,0.956906,True,True,True,True,True,-1.480263,True,0.956906,0.956906,True
github_0221,github,github_015,bug,3,True,True,True,3,0,0,3,0,0,github_026,221.0,github,GitHub Issues,bug,accepted,False,,,1110.101608,-0.015248,0.966535,0.96854,True,True,True,True,True,-0.015248,True,0.966535,0.96854,True
github_0222,github,github_005,enhancement,2,True,True,True,2,0,0,2,0,0,github_007,222.0,github,GitHub Issues,enhancement,accepted,False,,,3891.225677,0.022644,0.983016,0.987949,True,True,True,True,True,0.022644,True,0.983016,0.987949,True
github_0223,github,github_012,enhancement,2,True,True,True,2,0,0,2,0,0,github_020,223.0,github,GitHub Issues,enhancement,accepted,False,,,-395757.017822,-0.769527,0.983072,0.989832,True,True,True,True,True,-0.769527,True,0.983072,0.989832,True
github_0224,github,github_006,bug,2,True,True,True,2,0,0,2,0,0,github_009,224.0,github,GitHub Issues,bug,accepted,False,,,19.714813,-0.315563,0.997025,0.996078,True,True,True,True,True,-0.315563,True,0.997025,0.996078,True
github_0225,github,github_002,enhancement,2,True,True,True,2,0,0,2,0,0,github_002,225.0,github,GitHub Issues,enhancement,accepted,False,,,1589.724442,-0.04554,0.98802,0.968195,True,True,True,True,True,-0.04554,True,0.98802,0.968195,True
github_0228,github,github_014,enhancement,2,True,True,True,2,0,0,2,0,0,github_024,228.0,github,GitHub Issues,enhancement,accepted,False,,,-2104.934555,-2.886212,0.996239,0.964577,True,True,True,True,True,-2.886212,True,0.996239,0.964577,True
github_0229,github,github_009,question,2,True,True,True,2,0,0,2,0,0,github_014,229.0,github,GitHub Issues,question,accepted,False,,,255.408236,0.04788,0.932796,0.925774,True,True,True,True,True,0.04788,True,0.932796,0.925774,True
github_0230,github,github_014,bug,2,,True,False,1,1,0,2,0,0,github_023,230.0,github,GitHub Issues,bug,accepted,False,,,3885.036652,-0.02665,0.993547,0.962995,True,False,,,True,-0.02665,True,0.993547,0.962995,True
github_0232,github,github_008,bug,2,True,True,True,2,0,0,2,0,0,github_012,232.0,github,GitHub Issues,bug,accepted,False,,,2139.293974,-0.010975,0.94796,0.936121,True,True,True,True,True,-0.010975,True,0.94796,0.936121,True
github_0233,github,github_018,bug,2,False,False,False,0,2,0,0,2,0,github_031,233.0,github,GitHub Issues,bug,accepted,False,,,-363.941269,-1.6403,0.930839,0.865953,True,False,False,False,False,-1.6403,True,0.930839,0.865953,True
github_0234,github,github_007,enhancement,2,True,True,True,2,0,0,2,0,0,github_011,234.0,github,GitHub Issues,enhancement,accepted,False,,,-133.982433,-0.885158,0.973486,0.965712,True,True,True,True,True,-0.885158,True,0.973486,0.965712,True
github_0235,github,github_016,question,2,True,True,True,2,0,0,2,0,0,github_027,235.0,github,GitHub Issues,question,accepted,False,,,479.855759,-0.258412,0.994672,0.990357,True,True,True,True,True,-0.258412,True,0.994672,0.990357,True
github_0236,github,github_013,bug,2,True,False,False,2,0,0,0,2,0,github_022,236.0,github,GitHub Issues,bug,rejected,False,,,17.112793,0.076754,0.988932,0.022927,False,True,True,False,False,0.076754,True,0.988932,0.022927,False
github_0237,github,github_010,bug,2,,False,False,1,0,1,0,2,0,github_016,237.0,github,GitHub Issues,bug,rejected,False,,,997.720581,0.517406,0.992481,0.996704,False,True,,,False,0.517406,False,0.992481,0.996704,True
github_0239,github,github_017,bug,2,,False,False,1,1,0,0,2,0,github_028,239.0,github,GitHub Issues,bug,rejected,False,,,-547.740723,0.135505,0.871205,0.001672,False,True,,,False,0.135505,True,0.871205,0.001672,False
github_0240,github,github_015,enhancement,3,True,False,False,2,1,0,0,3,0,github_025,240.0,github,GitHub Issues,enhancement,rejected,False,,,54.310463,0.507988,0.995313,0.992902,False,True,True,False,False,0.507988,False,0.995313,0.992902,True
github_0241,github,github_005,bug,2,True,,False,2,0,0,1,1,0,github_008,241.0,github,GitHub Issues,bug,rejected,False,,,995.917236,0.591448,0.954421,0.437301,False,True,True,False,,0.591448,False,0.954421,0.437301,True
github_0248,github,github_002,enhancement,2,True,True,True,2,0,0,2,0,0,github_003,248.0,github,GitHub Issues,enhancement,rejected,False,,,92.512909,0.152985,0.025762,0.861099,False,False,True,False,True,0.152985,True,0.025762,0.861099,False
github_0249,github,github_009,enhancement,2,True,True,True,2,0,0,2,0,0,github_015,249.0,github,GitHub Issues,enhancement,rejected,False,,,1611.929077,0.973355,0.006109,0.966897,False,False,True,False,True,0.973355,False,0.006109,0.966897,False
github_0250,github,github_004,enhancement,2,True,True,True,2,0,0,2,0,0,github_006,250.0,github,GitHub Issues,enhancement,rejected,False,,,12.006336,0.234365,0.033369,0.891594,False,False,True,False,True,0.234365,True,0.033369,0.891594,False
github_0251,github,github_020,enhancement,2,True,,False,2,0,0,1,1,0,github_034,251.0,github,GitHub Issues,enhancement,rejected,False,,,379.99707,-0.096539,0.001536,0.808197,False,True,True,False,,-0.096539,True,0.001536,0.808197,False
github_0288,github,github_003,enhancement,2,,False,False,1,1,0,0,2,0,github_005,288.0,github,GitHub Issues,enhancement,rejected,False,,,14.831398,0.148221,0.003486,0.965494,False,True,,,False,0.148221,True,0.003486,0.965494,False
github_0289,github,github_010,enhancement,2,True,True,True,2,0,0,2,0,0,github_016,289.0,github,GitHub Issues,enhancement,rejected,False,,,-41.572876,0.044562,0.001273,0.869659,False,False,True,False,True,0.044562,True,0.001273,0.869659,False
github_0290,github,github_007,enhancement,2,True,True,True,2,0,0,2,0,0,github_011,290.0,github,GitHub Issues,enhancement,rejected,False,,,100.123138,0.224403,0.001084,0.979253,False,False,True,False,True,0.224403,True,0.001084,0.979253,False
github_0311,github,github_012,bug,2,False,False,False,0,2,0,0,2,0,github_020,311.0,github,GitHub Issues,bug,rejected,False,,,265.463726,0.018814,0.709906,0.018654,False,True,False,True,False,0.018814,True,0.709906,0.018654,False
github_0312,github,github_007,question,2,True,True,True,2,0,0,2,0,0,github_011,312.0,github,GitHub Issues,question,rejected,False,,,-206.838253,-1.711959,0.002526,0.003841,False,False,True,False,True,-1.711959,True,0.002526,0.003841,False
github_0313,github,github_018,bug,2,False,,False,0,2,0,1,1,0,github_030,313.0,github,GitHub Issues,bug,rejected,False,,,192.010872,-0.00392,0.00215,0.681861,False,True,False,True,,-0.00392,True,0.00215,0.681861,False
github_0314,github,github_017,question,2,False,False,False,0,2,0,0,2,0,github_029,314.0,github,GitHub Issues,question,rejected,False,,,944.696945,1.762944,0.020189,0.010247,False,True,False,True,False,1.762944,False,0.020189,0.010247,False
github_0315,github,github_007,enhancement,2,True,False,False,2,0,0,0,2,0,github_011,315.0,github,GitHub Issues,enhancement,rejected,False,,,58.583046,0.284782,0.0084,0.971614,False,True,True,False,False,0.284782,True,0.0084,0.971614,False
github_0316,github,github_008,bug,2,,False,False,0,1,1,0,2,0,github_012,316.0,github,GitHub Issues,bug,rejected,False,,,-24.690735,1.808338,0.020464,0.00533,False,True,,,False,1.808338,False,0.020464,0.00533,False
github_0317,github,github_006,bug,2,,False,False,0,1,1,0,2,0,github_010,317.0,github,GitHub Issues,bug,rejected,False,,,54.729031,1.356418,0.417784,0.854269,False,True,,,False,1.356418,False,0.417784,0.854269,True
github_0318,github,github_001,enhancement,4,True,True,True,3,1,0,4,0,0,github_002,318.0,github,GitHub Issues,enhancement,rejected,False,,,-111.092827,-1.381227,0.000448,0.878086,False,False,True,False,True,-1.381227,True,0.000448,0.878086,False
github_0319,github,github_020,enhancement,2,False,True,False,0,2,0,2,0,0,github_034,319.0,github,GitHub Issues,enhancement,rejected,False,,,-1967.403839,-1.338133,1.6e-05,0.003907,False,True,False,True,True,-1.338133,True,1.6e-05,0.003907,False
github_0320,github,github_009,bug,2,True,True,True,2,0,0,2,0,0,github_014,320.0,github,GitHub Issues,bug,rejected,False,,,-8148.621155,-1.622737,0.058972,0.000368,False,False,True,False,True,-1.622737,True,0.058972,0.000368,False
github_0321,github,github_009,question,2,True,True,True,2,0,0,2,0,0,github_014,321.0,github,GitHub Issues,question,rejected,False,,,-8.797413,-0.137275,0.004956,0.008236,False,False,True,False,True,-0.137275,True,0.004956,0.008236,False
github_0322,github,github_018,enhancement,2,True,True,True,2,0,0,2,0,0,github_031,322.0,github,GitHub Issues,enhancement,rejected,False,,,-33251.064453,-0.942743,8.9e-05,0.981476,False,False,True,False,True,-0.942743,True,8.9e-05,0.981476,False
github_0323,github,github_015,enhancement,3,True,True,True,3,0,0,3,0,0,github_025,323.0,github,GitHub Issues,enhancement,rejected,False,,,-2015.260681,-2.16495,0.000206,0.000539,False,False,True,False,True,-2.16495,True,0.000206,0.000539,False
github_0324,github,github_015,bug,3,True,False,False,2,1,0,0,3,0,github_026,324.0,github,GitHub Issues,bug,rejected,False,,,189.510269,1.518232,0.89823,0.87947,False,True,True,False,False,1.518232,False,0.89823,0.87947,True
github_0325,github,github_011,enhancement,2,,True,False,1,1,0,2,0,0,github_019,325.0,github,GitHub Issues,enhancement,rejected,False,,,-440.355377,-0.256499,0.003344,0.858458,False,True,,,True,-0.256499,True,0.003344,0.858458,False
github_0403,github,github_021,bug,2,,,False,1,1,0,1,1,0,github_035,403.0,github,GitHub Issues,bug,rejected,False,,,1965.801636,1.546462,0.02968,0.00386,False,True,,,,1.546462,False,0.02968,0.00386,False
github_0404,github,github_003,enhancement,2,,True,False,1,1,0,2,0,0,github_004,404.0,github,GitHub Issues,enhancement,rejected,False,,,123.345421,1.211496,0.017466,0.001603,False,True,,,True,1.211496,False,0.017466,0.001603,False
github_0405,github,github_019,enhancement,2,True,True,True,2,0,0,2,0,0,github_033,405.0,github,GitHub Issues,enhancement,rejected,False,,,30.506165,0.146051,0.024371,0.983976,False,False,True,False,True,0.146051,True,0.024371,0.983976,False
github_0406,github,github_006,bug,2,,True,False,1,1,0,2,0,0,github_010,406.0,github,GitHub Issues,bug,rejected,False,,,1210.523911,-0.252001,0.931838,0.000512,False,True,,,True,-0.252001,True,0.931838,0.000512,False
github_0407,github,github_006,bug,2,True,True,True,2,0,0,2,0,0,github_010,407.0,github,GitHub Issues,bug,rejected,False,,,2139.303207,-0.282637,0.993884,0.010025,False,False,True,False,True,-0.282637,True,0.993884,0.010025,False
github_0408,github,github_015,bug,3,,True,False,0,0,3,2,1,0,github_025,408.0,github,GitHub Issues,bug,rejected,False,,,1163.167145,2.178107,0.122612,0.068947,False,True,,,True,2.178107,False,0.122612,0.068947,False
github_0409,github,github_014,bug,2,,True,False,1,1,0,2,0,0,github_024,409.0,github,GitHub Issues,bug,rejected,False,,,-10497.631348,-0.709952,0.905958,0.000807,False,True,,,True,-0.709952,True,0.905958,0.000807,False
github_0410,github,github_009,question,2,,,False,0,1,1,1,1,0,github_015,410.0,github,GitHub Issues,question,rejected,False,,,1180.10675,2.631809,0.988722,0.011067,False,True,,,,2.631809,False,0.988722,0.011067,False
sst2_0047,sst2,sst2_006,positive,2,True,True,True,2,0,0,2,0,0,sst2_007,47.0,sst2,SST-2,positive,accepted,False,,,-73.848015,-0.508823,0.993783,0.991784,True,True,True,True,True,-0.508823,True,0.993783,0.991784,True
sst2_0048,sst2,sst2_001,positive,2,True,True,True,2,0,0,2,0,0,sst2_001,48.0,sst2,SST-2,positive,accepted,False,,,-61.366333,-0.562944,0.990835,0.995024,True,True,True,True,True,-0.562944,True,0.990835,0.995024,True
sst2_0049,sst2,sst2_005,positive,2,,True,False,0,1,1,2,0,0,sst2_006,49.0,sst2,SST-2,positive,accepted,False,,,-5793.261292,-2.503488,0.960176,0.978804,True,False,,,True,-2.503488,True,0.960176,0.978804,True
sst2_0051,sst2,sst2_009,negative,2,True,True,True,2,0,0,2,0,0,sst2_011,51.0,sst2,SST-2,negative,accepted,False,,,-122.421051,-0.523755,0.988845,0.986826,True,True,True,True,True,-0.523755,True,0.988845,0.986826,True
sst2_0052,sst2,sst2_003,positive,2,,True,False,1,1,0,2,0,0,sst2_003,52.0,sst2,SST-2,positive,accepted,False,,,-76.648727,-0.51135,0.993999,0.996816,True,False,,,True,-0.51135,True,0.993999,0.996816,True
sst2_0053,sst2,sst2_009,negative,2,False,True,False,0,2,0,2,0,0,sst2_011,53.0,sst2,SST-2,negative,accepted,False,,,-845.774475,-0.445374,0.983929,0.977115,True,False,False,False,True,-0.445374,True,0.983929,0.977115,True
sst2_0054,sst2,sst2_007,negative,2,,True,False,1,1,0,2,0,0,sst2_008,54.0,sst2,SST-2,negative,accepted,False,,,9580.631104,0.032415,0.983819,0.981965,True,False,,,True,0.032415,True,0.983819,0.981965,True
sst2_0055,sst2,sst2_001,positive,2,False,True,False,0,2,0,2,0,0,sst2_002,55.0,sst2,SST-2,positive,accepted,False,,,-65.188049,-1.071356,0.972987,0.973942,True,False,False,False,True,-1.071356,True,0.972987,0.973942,True
sst2_0056,sst2,sst2_001,negative,2,,True,False,1,1,0,2,0,0,sst2_001,56.0,sst2,SST-2,negative,accepted,False,,,-49.646255,-0.95599,0.99836,0.997942,True,False,,,True,-0.95599,True,0.99836,0.997942,True
sst2_0057,sst2,sst2_001,negative,2,,True,False,1,1,0,2,0,0,sst2_001,57.0,sst2,SST-2,negative,accepted,False,,,-5121.890167,-1.206516,0.991786,0.994104,True,False,,,True,-1.206516,True,0.991786,0.994104,True
sst2_0058,sst2,sst2_005,negative,2,True,True,True,2,0,0,2,0,0,sst2_007,58.0,sst2,SST-2,negative,accepted,False,,,52591.696228,-10.022562,0.980682,0.98161,True,True,True,True,True,-10.022562,True,0.980682,0.98161,True
sst2_0059,sst2,sst2_009,positive,2,True,True,True,2,0,0,2,0,0,sst2_011,59.0,sst2,SST-2,positive,accepted,False,,,-18.58205,-0.734973,0.983353,0.985903,True,True,True,True,True,-0.734973,True,0.983353,0.985903,True
sst2_0060,sst2,sst2_008,negative,2,False,,False,0,2,0,1,1,0,sst2_010,60.0,sst2,SST-2,negative,accepted,False,,,159.910034,-0.348315,0.988191,0.990685,True,False,False,False,,-0.348315,True,0.988191,0.990685,True
sst2_0061,sst2,sst2_010,negative,3,True,True,True,2,1,0,3,0,0,sst2_012,61.0,sst2,SST-2,negative,accepted,False,,,-130.99353,-0.228826,0.99544,0.991411,True,True,True,True,True,-0.228826,True,0.99544,0.991411,True
sst2_0062,sst2,sst2_009,negative,2,,True,False,0,1,1,2,0,0,sst2_011,62.0,sst2,SST-2,negative,accepted,False,,,-123.981567,-1.042523,0.976698,0.948386,True,False,,,True,-1.042523,True,0.976698,0.948386,True
sst2_0063,sst2,sst2_007,positive,2,True,True,True,2,0,0,2,0,0,sst2_009,63.0,sst2,SST-2,positive,accepted,False,,,-59.885742,-0.65565,0.994588,0.992541,True,True,True,True,True,-0.65565,True,0.994588,0.992541,True
sst2_0064,sst2,sst2_008,negative,2,True,True,True,2,0,0,2,0,0,sst2_010,64.0,sst2,SST-2,negative,accepted,False,,,-130.461472,-0.078966,0.993185,0.99305,True,True,True,True,True,-0.078966,True,0.993185,0.99305,True
sst2_0065,sst2,sst2_001,negative,2,True,True,True,2,0,0,2,0,0,sst2_002,65.0,sst2,SST-2,negative,accepted,False,,,10.197395,0.089169,0.994407,0.994761,True,True,True,True,True,0.089169,True,0.994407,0.994761,True
sst2_0066,sst2,sst2_007,negative,2,True,True,True,2,0,0,2,0,0,sst2_008,66.0,sst2,SST-2,negative,accepted,False,,,-143.267956,-1.401791,0.997324,0.831583,True,True,True,True,True,-1.401791,True,0.997324,0.831583,True
sst2_0067,sst2,sst2_010,positive,3,True,True,True,3,0,0,3,0,0,sst2_012,67.0,sst2,SST-2,positive,accepted,False,,,-1630.496094,-2.388939,0.989706,0.97998,True,True,True,True,True,-2.388939,True,0.989706,0.97998,True
sst2_0068,sst2,sst2_007,negative,2,True,True,True,2,0,0,2,0,0,sst2_009,68.0,sst2,SST-2,negative,accepted,False,,,-2.14183,-0.165855,0.988662,0.933191,True,True,True,True,True,-0.165855,True,0.988662,0.933191,True
sst2_0069,sst2,sst2_002,positive,2,True,True,True,2,0,0,2,0,0,sst2_002,69.0,sst2,SST-2,positive,accepted,False,,,-25.463928,-1.637244,0.994822,0.994086,True,True,True,True,True,-1.637244,True,0.994822,0.994086,True
sst2_0071,sst2,sst2_001,positive,2,True,True,True,2,0,0,2,0,0,sst2_001,71.0,sst2,SST-2,positive,accepted,False,,,-49.052406,-0.896251,0.865322,0.957979,True,True,True,True,True,-0.896251,True,0.865322,0.957979,True
sst2_0072,sst2,sst2_004,positive,2,True,True,True,2,0,0,2,0,0,sst2_005,72.0,sst2,SST-2,positive,accepted,False,,,-356.420532,-1.200662,0.995348,0.99119,True,True,True,True,True,-1.200662,True,0.995348,0.99119,True
sst2_0073,sst2,sst2_009,positive,2,True,True,True,2,0,0,2,0,0,sst2_011,73.0,sst2,SST-2,positive,accepted,False,,,-235.916229,-1.391375,0.967205,0.974087,True,True,True,True,True,-1.391375,True,0.967205,0.974087,True
sst2_0082,sst2,sst2_007,positive,2,,False,False,1,0,1,0,2,0,sst2_009,82.0,sst2,SST-2,positive,accepted,False,,,48.219879,-0.099378,0.963402,0.975572,True,False,,,False,-0.099378,True,0.963402,0.975572,True
sst2_0083,sst2,sst2_002,positive,2,True,True,True,2,0,0,2,0,0,sst2_003,83.0,sst2,SST-2,positive,accepted,False,,,90.989853,0.032614,0.995154,0.996056,True,True,True,True,True,0.032614,True,0.995154,0.996056,True
sst2_0159,sst2,sst2_003,positive,2,,,False,1,1,0,1,1,0,sst2_004,159.0,sst2,SST-2,positive,accepted,False,,,-4995.304688,-1.014462,0.893928,0.966024,True,False,,,,-1.014462,True,0.893928,0.966024,True
sst2_0160,sst2,sst2_008,positive,2,True,False,False,2,0,0,0,2,0,sst2_010,160.0,sst2,SST-2,positive,accepted,False,,,9.323875,0.09174,0.926214,0.94541,True,False,True,True,False,0.09174,True,0.926214,0.94541,True
sst2_0161,sst2,sst2_008,positive,2,,,False,1,1,0,1,1,0,sst2_009,161.0,sst2,SST-2,positive,accepted,False,,,2247.69397,-0.544736,0.986665,0.992596,True,False,,,,-0.544736,True,0.986665,0.992596,True
sst2_0162,sst2,sst2_007,positive,2,,True,False,1,1,0,2,0,0,sst2_009,162.0,sst2,SST-2,positive,accepted,False,,,-15.35527,-0.144214,0.982076,0.977114,True,False,,,True,-0.144214,True,0.982076,0.977114,True
sst2_0163,sst2,sst2_007,negative,2,True,False,False,2,0,0,0,2,0,sst2_009,163.0,sst2,SST-2,negative,accepted,False,,,-56.32547,-0.04611,0.963223,0.975969,True,False,True,True,False,-0.04611,True,0.963223,0.975969,True
sst2_0164,sst2,sst2_006,negative,2,True,False,False,2,0,0,0,2,0,sst2_007,164.0,sst2,SST-2,negative,accepted,False,,,4.1679,0.09907,0.989911,0.932752,True,False,True,True,False,0.09907,True,0.989911,0.932752,True
sst2_0166,sst2,sst2_001,negative,2,True,,False,2,0,0,1,1,0,sst2_001,166.0,sst2,SST-2,negative,accepted,False,,,12.713638,0.062301,0.981185,0.835368,True,False,True,True,,0.062301,True,0.981185,0.835368,True
sst2_0167,sst2,sst2_002,positive,2,True,True,True,2,0,0,2,0,0,sst2_003,167.0,sst2,SST-2,positive,accepted,False,,,146.522614,-0.434672,0.968883,0.988393,True,True,True,True,True,-0.434672,True,0.968883,0.988393,True
sst2_0252,sst2,sst2_006,negative,2,False,True,False,0,2,0,2,0,0,sst2_007,252.0,sst2,SST-2,negative,rejected,False,,,-195.640102,-1.732471,0.94346,0.009472,False,True,False,True,True,-1.732471,True,0.94346,0.009472,False
sst2_0253,sst2,sst2_004,positive,2,True,True,True,2,0,0,2,0,0,sst2_005,253.0,sst2,SST-2,positive,rejected,False,,,-48.226944,-0.355264,0.986305,0.027746,False,False,True,False,True,-0.355264,True,0.986305,0.027746,False
sst2_0254,sst2,sst2_008,positive,2,True,,False,2,0,0,1,1,0,sst2_010,254.0,sst2,SST-2,positive,rejected,False,,,-120.218933,-0.677523,0.995507,0.000948,False,True,True,False,,-0.677523,True,0.995507,0.000948,False
sst2_0255,sst2,sst2_005,negative,2,,False,False,1,1,0,0,2,0,sst2_006,255.0,sst2,SST-2,negative,rejected,False,,,-428.784424,-0.708761,0.977024,0.001343,False,True,,,False,-0.708761,True,0.977024,0.001343,False
sst2_0256,sst2,sst2_007,positive,2,False,True,False,0,2,0,2,0,0,sst2_009,256.0,sst2,SST-2,positive,rejected,False,,,86.728027,-0.118568,0.992117,0.003194,False,True,False,True,True,-0.118568,True,0.992117,0.003194,False
sst2_0257,sst2,sst2_004,negative,2,False,True,False,0,2,0,2,0,0,sst2_005,257.0,sst2,SST-2,negative,rejected,False,,,57679.135742,-9.13896,0.002201,0.000398,False,True,False,True,True,-9.13896,True,0.002201,0.000398,False
sst2_0258,sst2,sst2_002,negative,2,False,True,False,0,2,0,2,0,0,sst2_002,258.0,sst2,SST-2,negative,rejected,False,,,16428.950195,1.295615,0.005054,0.000161,False,True,False,True,True,1.295615,False,0.005054,0.000161,False
sst2_0259,sst2,sst2_004,negative,2,True,True,True,2,0,0,2,0,0,sst2_005,259.0,sst2,SST-2,negative,rejected,False,,,-1505.560547,-1.686125,0.993669,0.001415,False,False,True,False,True,-1.686125,True,0.993669,0.001415,False
sst2_0260,sst2,sst2_005,negative,2,False,True,False,0,2,0,2,0,0,sst2_006,260.0,sst2,SST-2,negative,rejected,False,,,-195.640102,-1.732471,0.94346,0.009472,False,True,False,True,True,-1.732471,True,0.94346,0.009472,False
sst2_0261,sst2,sst2_002,negative,2,,False,False,0,1,1,0,2,0,sst2_003,261.0,sst2,SST-2,negative,rejected,False,,,-20.534988,-1.706609,0.969595,0.000414,False,True,,,False,-1.706609,True,0.969595,0.000414,False
sst2_0262,sst2,sst2_009,negative,2,,True,False,1,0,1,2,0,0,sst2_011,262.0,sst2,SST-2,negative,rejected,False,,,29989.455078,3.472973,0.94472,0.970998,False,True,,,True,3.472973,False,0.94472,0.970998,True
sst2_0263,sst2,sst2_002,negative,2,True,True,True,2,0,0,2,0,0,sst2_002,263.0,sst2,SST-2,negative,rejected,False,,,-1.359619,-0.008554,0.830275,0.00135,False,False,True,False,True,-0.008554,True,0.830275,0.00135,False
sst2_0264,sst2,sst2_009,negative,2,False,False,False,0,2,0,0,2,0,sst2_012,264.0,sst2,SST-2,negative,rejected,False,,,-1234.49054,-0.295655,0.980295,0.000639,False,True,False,True,False,-0.295655,True,0.980295,0.000639,False
sst2_0269,sst2,sst2_006,positive,2,True,True,True,2,0,0,2,0,0,sst2_008,269.0,sst2,SST-2,positive,rejected,False,,,-626.40979,-1.390323,0.000584,0.986026,False,False,True,False,True,-1.390323,True,0.000584,0.986026,False
sst2_0270,sst2,sst2_006,positive,2,,True,False,1,1,0,2,0,0,sst2_008,270.0,sst2,SST-2,positive,rejected,False,,,-1176.40625,-1.079334,0.001047,0.956613,False,True,,,True,-1.079334,True,0.001047,0.956613,False
sst2_0271,sst2,sst2_005,negative,2,True,,False,2,0,0,1,1,0,sst2_006,271.0,sst2,SST-2,negative,rejected,False,,,-551.403503,-1.617073,0.008401,0.854711,False,True,True,False,,-1.617073,True,0.008401,0.854711,False
sst2_0272,sst2,sst2_004,negative,2,True,True,True,2,0,0,2,0,0,sst2_004,272.0,sst2,SST-2,negative,rejected,False,,,-378.86879,-2.296671,0.000242,0.924677,False,False,True,False,True,-2.296671,True,0.000242,0.924677,False
sst2_0273,sst2,sst2_001,negative,2,True,,False,2,0,0,1,1,0,sst2_001,273.0,sst2,SST-2,negative,rejected,False,,,-3941.343239,-4.040177,0.015594,0.981612,False,True,True,False,,-4.040177,True,0.015594,0.981612,False
sst2_0274,sst2,sst2_005,positive,2,False,True,False,0,2,0,2,0,0,sst2_006,274.0,sst2,SST-2,positive,rejected,False,,,1333.015625,-0.055602,0.000426,0.990015,False,True,False,True,True,-0.055602,True,0.000426,0.990015,False
sst2_0275,sst2,sst2_004,positive,2,False,True,False,0,2,0,2,0,0,sst2_005,275.0,sst2,SST-2,positive,rejected,False,,,16.40036,-0.204674,0.000536,0.684255,False,True,False,True,True,-0.204674,True,0.000536,0.684255,False
sst2_0276,sst2,sst2_001,positive,2,,True,False,1,0,1,2,0,0,sst2_001,276.0,sst2,SST-2,positive,rejected,False,,,-13231.975586,-2.008681,0.000261,0.034827,False,True,,,True,-2.008681,True,0.000261,0.034827,False
sst2_0277,sst2,sst2_009,positive,2,True,True,True,2,0,0,2,0,0,sst2_011,277.0,sst2,SST-2,positive,rejected,False,,,-789.084084,-4.282321,0.001875,0.955059,False,False,True,False,True,-4.282321,True,0.001875,0.955059,False
sst2_0278,sst2,sst2_006,positive,2,,,False,0,0,2,1,1,0,sst2_008,278.0,sst2,SST-2,positive,rejected,False,,,-1203.704834,-2.466146,0.027893,0.983023,False,True,,,,-2.466146,True,0.027893,0.983023,False
sst2_0279,sst2,sst2_010,negative,3,False,True,False,0,3,0,3,0,0,sst2_012,279.0,sst2,SST-2,negative,rejected,False,,,-240.231483,-1.233757,0.000346,0.991094,False,True,False,True,True,-1.233757,True,0.000346,0.991094,False
sst2_0280,sst2,sst2_009,positive,2,False,True,False,0,2,0,2,0,0,sst2_011,280.0,sst2,SST-2,positive,rejected,False,,,-18.924881,-0.227362,0.000209,0.925015,False,True,False,True,True,-0.227362,True,0.000209,0.925015,False
sst2_0281,sst2,sst2_006,negative,2,False,True,False,0,2,0,2,0,0,sst2_008,281.0,sst2,SST-2,negative,rejected,False,,,-567.841385,-1.712554,0.000351,0.990382,False,True,False,True,True,-1.712554,True,0.000351,0.990382,False
sst2_0282,sst2,sst2_003,positive,2,True,False,False,2,0,0,0,2,0,sst2_004,282.0,sst2,SST-2,positive,rejected,False,,,19.107239,-0.158387,0.005472,0.945413,False,True,True,False,False,-0.158387,True,0.005472,0.945413,False
sst2_0283,sst2,sst2_003,positive,2,True,True,True,2,0,0,2,0,0,sst2_004,283.0,sst2,SST-2,positive,rejected,False,,,-174.576294,-1.518559,0.000473,0.995898,False,False,True,False,True,-1.518559,True,0.000473,0.995898,False
sst2_0284,sst2,sst2_003,positive,2,True,,False,2,0,0,1,1,0,sst2_003,284.0,sst2,SST-2,positive,rejected,False,,,5166.682907,1.723788,0.000752,0.008243,False,True,True,False,,1.723788,False,0.000752,0.008243,False
sst2_0285,sst2,sst2_007,positive,2,False,True,False,0,2,0,2,0,0,sst2_009,285.0,sst2,SST-2,positive,rejected,False,,,-810.037323,-1.488571,0.000333,0.92446,False,True,False,True,True,-1.488571,True,0.000333,0.92446,False
sst2_0286,sst2,sst2_002,negative,2,True,True,True,2,0,0,2,0,0,sst2_003,286.0,sst2,SST-2,negative,rejected,False,,,9.014515,0.132266,0.000116,0.955332,False,False,True,False,True,0.132266,True,0.000116,0.955332,False
sst2_0287,sst2,sst2_009,negative,2,True,True,True,2,0,0,2,0,0,sst2_011,287.0,sst2,SST-2,negative,rejected,False,,,-2215.293091,-3.566095,0.001366,0.956867,False,False,True,False,True,-3.566095,True,0.001366,0.956867,False
sst2_0291,sst2,sst2_004,positive,2,,True,False,0,0,2,2,0,0,sst2_005,291.0,sst2,SST-2,positive,rejected,False,,,563.731445,-0.682304,0.001779,0.966105,False,True,,,True,-0.682304,True,0.001779,0.966105,False
sst2_0292,sst2,sst2_003,negative,2,,False,False,1,0,1,0,2,0,sst2_004,292.0,sst2,SST-2,negative,rejected,False,,,-1500.440918,-1.551815,0.009484,0.95637,False,True,,,False,-1.551815,True,0.009484,0.95637,False
sst2_0293,sst2,sst2_007,positive,2,False,True,False,0,2,0,2,0,0,sst2_008,293.0,sst2,SST-2,positive,rejected,False,,,-442.013306,-2.04419,0.000656,0.956183,False,True,False,True,True,-2.04419,True,0.000656,0.956183,False
sst2_0294,sst2,sst2_009,positive,2,False,False,False,0,2,0,0,2,0,sst2_012,294.0,sst2,SST-2,positive,rejected,False,,,163.081039,1.557512,0.009404,0.96481,False,True,False,True,False,1.557512,False,0.009404,0.96481,False
sst2_0295,sst2,sst2_005,negative,2,,False,False,0,1,1,0,2,0,sst2_007,295.0,sst2,SST-2,negative,rejected,False,,,-2612.02356,-0.506947,0.001627,0.778713,False,True,,,False,-0.506947,True,0.001627,0.778713,False
sst2_0296,sst2,sst2_009,positive,2,False,True,False,0,2,0,2,0,0,sst2_011,296.0,sst2,SST-2,positive,rejected,False,,,-486.008972,-0.203564,0.021574,0.993679,False,True,False,True,True,-0.203564,True,0.021574,0.993679,False
sst2_0297,sst2,sst2_007,positive,2,False,True,False,0,2,0,2,0,0,sst2_009,297.0,sst2,SST-2,positive,rejected,False,,,8163.333374,0.644948,0.000526,0.913277,False,True,False,True,True,0.644948,False,0.000526,0.913277,False
sst2_0298,sst2,sst2_010,negative,3,True,False,False,3,0,0,0,3,0,sst2_012,298.0,sst2,SST-2,negative,rejected,False,,,5.994499,0.25984,0.002405,0.988914,False,True,True,False,False,0.25984,True,0.002405,0.988914,False
sst2_0299,sst2,sst2_008,positive,2,,False,False,0,1,1,0,2,0,sst2_010,299.0,sst2,SST-2,positive,rejected,False,,,-29224.087402,0.616437,0.006069,0.755157,False,True,,,False,0.616437,False,0.006069,0.755157,False
sst2_0300,sst2,sst2_010,positive,3,False,False,False,0,3,0,0,3,0,sst2_012,300.0,sst2,SST-2,positive,rejected,False,,,-5.569199,0.011921,0.001577,0.906249,False,True,False,True,False,0.011921,True,0.001577,0.906249,False
sst2_0301,sst2,sst2_004,positive,2,,False,False,0,0,2,0,2,0,sst2_005,301.0,sst2,SST-2,positive,rejected,False,,,-373.427124,-0.961017,0.00718,0.983019,False,True,,,False,-0.961017,True,0.00718,0.983019,False
sst2_0302,sst2,sst2_005,positive,2,False,False,False,0,2,0,0,2,0,sst2_006,302.0,sst2,SST-2,positive,rejected,False,,,-6520.59729,-2.380649,0.058536,0.802862,False,True,False,True,False,-2.380649,True,0.058536,0.802862,False
sst2_0303,sst2,sst2_003,positive,2,,,False,1,1,0,1,1,0,sst2_003,303.0,sst2,SST-2,positive,rejected,False,,,-925.550293,1.945667,0.003567,0.95501,False,True,,,,1.945667,False,0.003567,0.95501,False
sst2_0304,sst2,sst2_001,positive,2,True,True,True,2,0,0,2,0,0,sst2_001,304.0,sst2,SST-2,positive,rejected,False,,,-37.904404,-0.17958,0.014591,0.975819,False,False,True,False,True,-0.17958,True,0.014591,0.975819,False
sst2_0305,sst2,sst2_008,positive,2,,False,False,1,0,1,0,2,0,sst2_011,305.0,sst2,SST-2,positive,rejected,False,,,156.584045,-0.376195,0.012211,0.96229,False,True,,,False,-0.376195,True,0.012211,0.96229,False
sst2_0332,sst2,sst2_005,positive,2,False,False,False,0,2,0,0,2,0,sst2_006,332.0,sst2,SST-2,positive,rejected,False,,,67.402924,-0.413055,0.006852,0.929087,False,True,False,True,False,-0.413055,True,0.006852,0.929087,False
sst2_0333,sst2,sst2_008,positive,2,True,,False,2,0,0,1,1,0,sst2_010,333.0,sst2,SST-2,positive,rejected,False,,,-232.720581,-0.023924,0.003713,0.980908,False,True,True,False,,-0.023924,True,0.003713,0.980908,False
sst2_0334,sst2,sst2_003,positive,2,,False,False,1,1,0,0,2,0,sst2_004,334.0,sst2,SST-2,positive,rejected,False,,,162473.433105,2.950477,0.00014,0.478493,False,True,,,False,2.950477,False,0.00014,0.478493,False
sst2_0335,sst2,sst2_001,positive,2,,False,False,1,1,0,0,2,0,sst2_001,335.0,sst2,SST-2,positive,rejected,False,,,9452.500488,0.885148,0.000538,0.978079,False,True,,,False,0.885148,False,0.000538,0.978079,False
sst2_0336,sst2,sst2_010,positive,3,,False,False,0,1,2,0,3,0,sst2_012,336.0,sst2,SST-2,positive,rejected,False,,,347870.812012,4.493963,0.006343,0.210988,False,True,,,False,4.493963,False,0.006343,0.210988,False
sst2_0337,sst2,sst2_006,negative,2,False,True,False,0,2,0,2,0,0,sst2_007,337.0,sst2,SST-2,negative,rejected,False,,,68.845909,-0.464324,0.000214,0.986499,False,True,False,True,True,-0.464324,True,0.000214,0.986499,False
sst2_0338,sst2,sst2_003,positive,2,,,False,1,1,0,1,1,0,sst2_004,338.0,sst2,SST-2,positive,rejected,False,,,-817.374695,-1.470191,0.000986,0.749936,False,True,,,,-1.470191,True,0.000986,0.749936,False
sst2_0339,sst2,sst2_006,positive,2,,False,False,0,0,2,0,2,0,sst2_007,339.0,sst2,SST-2,positive,rejected,False,,,2197.029297,1.184959,0.060901,0.960413,False,True,,,False,1.184959,False,0.060901,0.960413,False
sst2_0340,sst2,sst2_003,negative,2,True,,False,2,0,0,1,1,0,sst2_003,340.0,sst2,SST-2,negative,rejected,False,,,3675.255371,1.120247,0.000159,0.958457,False,True,True,False,,1.120247,False,0.000159,0.958457,False
sst2_0341,sst2,sst2_006,positive,2,True,True,True,2,0,0,2,0,0,sst2_007,341.0,sst2,SST-2,positive,rejected,False,,,1261.152832,1.203311,0.000729,0.745791,False,False,True,False,True,1.203311,False,0.000729,0.745791,False
sst2_0342,sst2,sst2_004,positive,2,,,False,1,1,0,1,1,0,sst2_005,342.0,sst2,SST-2,positive,rejected,False,,,1313.101318,0.235735,0.002393,0.964508,False,True,,,,0.235735,True,0.002393,0.964508,False
sst2_0343,sst2,sst2_002,positive,2,,False,False,1,0,1,0,2,0,sst2_002,343.0,sst2,SST-2,positive,rejected,False,,,4187.463135,2.26292,0.187133,0.976405,False,True,,,False,2.26292,False,0.187133,0.976405,True
sst2_0344,sst2,sst2_003,negative,2,True,,False,2,0,0,1,1,0,sst2_004,344.0,sst2,SST-2,negative,rejected,False,,,15.812222,0.282955,0.025065,0.994745,False,True,True,False,,0.282955,True,0.025065,0.994745,False
sst2_0345,sst2,sst2_005,positive,2,False,False,False,0,2,0,0,2,0,sst2_007,345.0,sst2,SST-2,positive,rejected,False,,,12955.469238,3.717149,0.002784,0.203218,False,True,False,True,False,3.717149,False,0.002784,0.203218,False
sst2_0346,sst2,sst2_007,positive,2,False,False,False,0,2,0,0,2,0,sst2_008,346.0,sst2,SST-2,positive,rejected,False,,,325.551453,0.559444,0.064173,0.914611,False,True,False,True,False,0.559444,False,0.064173,0.914611,False
sst2_0347,sst2,sst2_001,positive,2,True,False,False,2,0,0,0,2,0,sst2_001,347.0,sst2,SST-2,positive,rejected,False,,,369.174438,0.851521,0.005756,0.981868,False,True,True,False,False,0.851521,False,0.005756,0.981868,False
sst2_0348,sst2,sst2_004,positive,2,,,False,0,1,1,1,1,0,sst2_004,348.0,sst2,SST-2,positive,rejected,False,,,-532.677208,-2.131127,0.000271,0.986345,False,True,,,,-2.131127,True,0.000271,0.986345,False
sst2_0349,sst2,sst2_010,negative,3,,False,False,0,1,2,0,3,0,sst2_012,349.0,sst2,SST-2,negative,rejected,False,,,76.224197,0.223676,0.917948,0.000609,False,True,,,False,0.223676,True,0.917948,0.000609,False
sst2_0350,sst2,sst2_008,negative,2,,,False,1,1,0,1,1,0,sst2_010,350.0,sst2,SST-2,negative,rejected,False,,,-13.964859,-0.069452,0.945572,0.000446,False,True,,,,-0.069452,True,0.945572,0.000446,False
sst2_0351,sst2,sst2_003,negative,2,,,False,1,1,0,1,1,0,sst2_004,351.0,sst2,SST-2,negative,rejected,False,,,-15.06736,-0.260418,0.001,0.000671,False,True,,,,-0.260418,True,0.001,0.000671,False
sst2_0352,sst2,sst2_006,negative,2,True,False,False,2,0,0,0,2,0,sst2_007,352.0,sst2,SST-2,negative,rejected,False,,,118.928406,0.16862,0.845567,0.003003,False,True,True,False,False,0.16862,True,0.845567,0.003003,False
sst2_0353,sst2,sst2_004,negative,2,False,False,False,0,2,0,0,2,0,sst2_005,353.0,sst2,SST-2,negative,rejected,False,,,50633.165039,-10.657897,0.114469,0.003406,False,True,False,True,False,-10.657897,True,0.114469,0.003406,False
sst2_0355,sst2,sst2_007,negative,2,False,True,False,0,2,0,2,0,0,sst2_009,355.0,sst2,SST-2,negative,rejected,False,,,130913.650513,-9.857253,0.460075,0.002914,False,True,False,True,True,-9.857253,True,0.460075,0.002914,False
sst2_0356,sst2,sst2_005,positive,2,,False,False,0,1,1,0,2,0,sst2_006,356.0,sst2,SST-2,positive,rejected,False,,,-223.768051,-0.796292,0.968037,0.001969,False,True,,,False,-0.796292,True,0.968037,0.001969,False
sst2_0358,sst2,sst2_008,negative,2,True,True,True,2,0,0,2,0,0,sst2_010,358.0,sst2,SST-2,negative,rejected,False,,,2.324509,-0.019382,0.92943,0.000646,False,False,True,False,True,-0.019382,True,0.92943,0.000646,False
sst2_0359,sst2,sst2_002,negative,2,True,False,False,2,0,0,0,2,0,sst2_002,359.0,sst2,SST-2,negative,rejected,False,,,1133.009399,0.673439,0.860864,0.934452,False,True,True,False,False,0.673439,False,0.860864,0.934452,True
sst2_0360,sst2,sst2_002,negative,2,,True,False,0,1,1,2,0,0,sst2_002,360.0,sst2,SST-2,negative,rejected,False,,,-7.39098,-0.064272,0.97763,0.000475,False,True,,,True,-0.064272,True,0.97763,0.000475,False
sst2_0361,sst2,sst2_008,negative,2,,False,False,0,1,1,0,2,0,sst2_010,361.0,sst2,SST-2,negative,rejected,False,,,1232.0896,-0.787296,0.556487,0.00608,False,True,,,False,-0.787296,True,0.556487,0.00608,False
sst2_0363,sst2,sst2_002,negative,2,False,,False,0,2,0,1,1,0,sst2_002,363.0,sst2,SST-2,negative,rejected,False,,,251.5923,0.596407,0.011462,0.008531,False,True,False,True,,0.596407,False,0.011462,0.008531,False
sst2_0364,sst2,sst2_006,negative,2,,False,False,0,0,2,0,2,0,sst2_008,364.0,sst2,SST-2,negative,rejected,False,,,2281.445312,1.148779,0.314944,0.000638,False,True,,,False,1.148779,False,0.314944,0.000638,False
sst2_0365,sst2,sst2_002,negative,2,,,False,0,1,1,1,1,0,sst2_003,365.0,sst2,SST-2,negative,rejected,False,,,-51.194336,-0.326381,0.877807,0.000386,False,True,,,,-0.326381,True,0.877807,0.000386,False
sst2_0366,sst2,sst2_006,negative,2,,False,False,0,1,1,0,2,0,sst2_007,366.0,sst2,SST-2,negative,rejected,False,,,61.159241,-0.238918,0.988447,0.002605,False,True,,,False,-0.238918,True,0.988447,0.002605,False
sst2_0367,sst2,sst2_005,negative,2,,False,False,0,1,1,0,2,0,sst2_006,367.0,sst2,SST-2,negative,rejected,False,,,16380.241577,0.611054,0.980293,0.005396,False,True,,,False,0.611054,False,0.980293,0.005396,False
sst2_0368,sst2,sst2_004,negative,2,False,False,False,0,2,0,0,2,0,sst2_004,368.0,sst2,SST-2,negative,rejected,False,,,192579.583984,-10.067362,0.130566,0.002055,False,True,False,True,False,-10.067362,True,0.130566,0.002055,False
sst2_0369,sst2,sst2_002,positive,2,,,False,0,0,2,1,1,0,sst2_003,369.0,sst2,SST-2,positive,rejected,False,,,1714.503662,0.728587,0.943087,0.366696,False,True,,,,0.728587,False,0.943087,0.366696,True
sst2_0371,sst2,sst2_002,negative,2,,True,False,0,1,1,2,0,0,sst2_002,371.0,sst2,SST-2,negative,rejected,False,,,1015.076477,0.35265,0.967889,0.001106,False,True,,,True,0.35265,False,0.967889,0.001106,False
sst2_0372,sst2,sst2_008,negative,2,,False,False,0,1,1,0,2,0,sst2_010,372.0,sst2,SST-2,negative,rejected,False,,,-252.451782,0.074949,0.968147,0.007245,False,True,,,False,0.074949,True,0.968147,0.007245,False
sst2_0373,sst2,sst2_004,positive,2,,False,False,0,1,1,0,2,0,sst2_005,373.0,sst2,SST-2,positive,rejected,False,,,-364.370087,-1.106785,0.836753,0.001075,False,True,,,False,-1.106785,True,0.836753,0.001075,False
sst2_0374,sst2,sst2_006,negative,2,,False,False,0,0,2,0,2,0,sst2_008,374.0,sst2,SST-2,negative,rejected,False,,,565.383728,-6.71344,0.579225,0.031351,False,True,,,False,-6.71344,True,0.579225,0.031351,False
sst2_0375,sst2,sst2_005,negative,2,False,False,False,0,2,0,0,2,0,sst2_006,375.0,sst2,SST-2,negative,rejected,False,,,53.008316,0.062333,0.950311,0.000954,False,True,False,True,False,0.062333,True,0.950311,0.000954,False
sst2_0376,sst2,sst2_004,positive,2,,False,False,0,1,1,0,2,0,sst2_005,376.0,sst2,SST-2,positive,rejected,False,,,92.061127,0.139484,0.894138,0.012454,False,True,,,False,0.139484,True,0.894138,0.012454,False
sst2_0377,sst2,sst2_008,negative,2,True,,False,2,0,0,1,1,0,sst2_010,377.0,sst2,SST-2,negative,rejected,False,,,-9.981552,-0.067596,0.813357,0.012341,False,True,True,False,,-0.067596,True,0.813357,0.012341,False
sst2_0378,sst2,sst2_008,positive,2,False,True,False,0,2,0,2,0,0,sst2_010,378.0,sst2,SST-2,positive,rejected,False,,,1034.575684,0.749046,0.991609,0.000469,False,True,False,True,True,0.749046,False,0.991609,0.000469,False
sst2_0379,sst2,sst2_009,negative,2,False,,False,0,2,0,1,1,0,sst2_012,379.0,sst2,SST-2,negative,rejected,False,,,-1703.29187,-1.673699,0.975323,0.000229,False,True,False,True,,-1.673699,True,0.975323,0.000229,False
sst2_0380,sst2,sst2_006,negative,2,True,False,False,2,0,0,0,2,0,sst2_008,380.0,sst2,SST-2,negative,rejected,False,,,315.429428,0.874964,0.00033,0.000193,False,True,True,False,False,0.874964,False,0.00033,0.000193,False
sst2_0381,sst2,sst2_001,negative,2,,,False,0,1,1,1,1,0,sst2_002,381.0,sst2,SST-2,negative,rejected,False,,,101117.59375,-10.612475,0.332236,0.00165,False,True,,,,-10.612475,True,0.332236,0.00165,False
sst2_0382,sst2,sst2_001,positive,2,True,True,True,2,0,0,2,0,0,sst2_001,382.0,sst2,SST-2,positive,rejected,False,,,-90.393768,-0.245269,0.967097,0.000779,False,False,True,False,True,-0.245269,True,0.967097,0.000779,False
sst2_0383,sst2,sst2_003,negative,2,,,False,1,1,0,1,1,0,sst2_004,383.0,sst2,SST-2,negative,rejected,False,,,12.321594,0.032208,0.867883,0.003117,False,True,,,,0.032208,True,0.867883,0.003117,False
sst2_0384,sst2,sst2_009,negative,2,False,,False,0,2,0,1,1,0,sst2_011,384.0,sst2,SST-2,negative,rejected,False,,,744.132324,-1.115981,0.024508,0.000382,False,True,False,True,,-1.115981,True,0.024508,0.000382,False
sst2_0385,sst2,sst2_010,negative,3,True,False,False,3,0,0,0,3,0,sst2_012,385.0,sst2,SST-2,negative,rejected,False,,,249.607056,0.492558,0.99092,0.992779,False,True,True,False,False,0.492558,False,0.99092,0.992779,True
sst2_0387,sst2,sst2_007,negative,2,True,False,False,2,0,0,0,2,0,sst2_008,387.0,sst2,SST-2,negative,rejected,False,,,34.390961,0.426728,0.001774,0.001011,False,True,True,False,False,0.426728,False,0.001774,0.001011,False
sst2_0388,sst2,sst2_007,positive,2,,False,False,0,1,1,0,2,0,sst2_009,388.0,sst2,SST-2,positive,rejected,False,,,92.523682,0.181559,0.94549,0.059243,False,True,,,False,0.181559,True,0.94549,0.059243,False
sst2_0390,sst2,sst2_009,negative,2,False,,False,0,2,0,1,1,0,sst2_012,390.0,sst2,SST-2,negative,rejected,False,,,7158.951538,2.860604,0.975226,0.000111,False,True,False,True,,2.860604,False,0.975226,0.000111,False
sst2_0391,sst2,sst2_003,negative,2,,True,False,1,1,0,2,0,0,sst2_003,391.0,sst2,SST-2,negative,rejected,False,,,894.975098,2.773194,0.992208,0.001812,False,True,,,True,2.773194,False,0.992208,0.001812,False
sst2_0392,sst2,sst2_004,negative,2,True,,False,2,0,0,1,1,0,sst2_005,392.0,sst2,SST-2,negative,rejected,False,,,1.35601,-0.013388,0.000759,0.000212,False,True,True,False,,-0.013388,True,0.000759,0.000212,False
sst2_0394,sst2,sst2_002,positive,2,,False,False,1,0,1,0,2,0,sst2_002,394.0,sst2,SST-2,positive,rejected,False,,,264.414673,0.66795,0.992396,0.993249,False,True,,,False,0.66795,False,0.992396,0.993249,True
sst2_0395,sst2,sst2_001,negative,2,False,True,False,0,2,0,2,0,0,sst2_001,395.0,sst2,SST-2,negative,rejected,False,,,31.190521,-1.481441,0.366205,0.000499,False,True,False,True,True,-1.481441,True,0.366205,0.000499,False
sst2_0396,sst2,sst2_005,negative,2,False,,False,0,2,0,1,1,0,sst2_007,396.0,sst2,SST-2,negative,rejected,False,,,270.670471,0.687787,0.000443,0.000197,False,True,False,True,,0.687787,False,0.000443,0.000197,False
sst2_0398,sst2,sst2_003,negative,2,,False,False,1,1,0,0,2,0,sst2_003,398.0,sst2,SST-2,negative,rejected,False,,,-1541.399414,-11.491249,0.170196,0.002088,False,True,,,False,-11.491249,True,0.170196,0.002088,False
sst2_0400,sst2,sst2_008,negative,2,False,,False,0,2,0,1,1,0,sst2_009,400.0,sst2,SST-2,negative,rejected,False,,,71.32782,0.410326,0.000704,0.000158,False,True,False,True,,0.410326,False,0.000704,0.000158,False
sst2_0401,sst2,sst2_005,negative,2,,False,False,0,1,1,0,2,0,sst2_006,401.0,sst2,SST-2,negative,rejected,False,,,4640.531006,1.365501,0.917915,0.011671,False,True,,,False,1.365501,False,0.917915,0.011671,False
